seed,method,variant,target_deg,baseline_mean_deg,guided_mean_deg,baseline_std_deg,guided_std_deg,requested_change_deg,achieved_change_deg,signed_error_deg,abs_error_deg,frame_hit_band,final_summary_in_band,loose_hit,positive_overshoot_deg,negative_undershoot_deg,overshoot_p90_deg,temporal_corr,phase_valid_fraction,active_frame_count
100,V7,v7-auto-dps,5,-9.511640548706055,7.522982120513916,2.24115252494812,1.4116407632827759,14.511640548706055,17.03462266921997,2.522982120513916,2.522982120513916,0.30833333333333335,0.0,0.925,1.3694037199020386,0.0,3.8442510604858398,-0.03131015598773956,1.0,120
101,V7,v7-auto-dps,5,-11.31096076965332,7.988279342651367,2.16239857673645,2.8803634643554688,16.31096076965332,19.299240112304688,2.988279342651367,2.988279342651367,0.21666666666666667,0.13333333333333333,0.5166666666666667,2.716155529022217,1.0995428562164307,6.200339221954346,0.8055134415626526,1.0,120
102,V7,v7-auto-dps,5,-11.404328346252441,1.923357367515564,1.6558544635772705,2.377124786376953,16.40432834625244,13.327685713768005,-3.076642632484436,3.076642632484436,0.4166666666666667,0.5666666666666667,0.6416666666666667,0.0,2.585676431655884,0.0,0.8407986164093018,1.0,120
103,V7,v7-auto-dps,5,-12.250120162963867,7.603734970092773,2.2084262371063232,3.018122434616089,17.250120162963867,19.85385513305664,2.6037349700927734,2.6037349700927734,0.39166666666666666,0.6333333333333333,0.55,3.0279998779296875,0.3444027900695801,6.14812183380127,0.9056926369667053,1.0,120
104,V7,v7-auto-dps,5,-8.233696937561035,5.209301948547363,1.8955851793289185,1.2116191387176514,13.233696937561035,13.442998886108398,0.20930194854736328,0.20930194854736328,0.875,0.9,1.0,0.33239927887916565,0.5237966179847717,1.3416996955871585,0.5838639736175537,1.0,120
105,V7,v7-auto-dps,5,-8.173517227172852,3.0704314708709717,1.4553624391555786,1.8389084339141846,13.173517227172852,11.243948698043823,-1.9295685291290283,1.9295685291290283,0.44166666666666665,0.9333333333333333,0.875,0.7117564082145691,1.346874713897705,0.01294956207275501,-0.014691628515720367,1.0,120
106,V7,v7-auto-dps,5,-11.711592674255371,6.074944972991943,1.7830232381820679,0.919252336025238,16.71159267425537,17.786537647247314,1.0749449729919434,1.0749449729919434,0.8583333333333333,1.0,1.0,0.4287775158882141,0.0,2.2084603309631348,0.4822366535663605,1.0,120
107,V7,v7-auto-dps,5,-11.364561080932617,7.5267014503479,2.2413878440856934,2.062351703643799,16.364561080932617,18.891262531280518,2.5267014503479004,2.5267014503479004,0.31666666666666665,0.0,0.625,1.849661946296692,0.08197593688964844,4.566242218017579,0.691060483455658,1.0,120
108,V7,v7-auto-dps,5,-11.356368064880371,8.358067512512207,1.5510362386703491,1.8997119665145874,16.35636806488037,19.714435577392578,3.358067512512207,3.358067512512207,0.24166666666666667,0.1,0.5416666666666666,2.2354846000671387,0.0,5.275762367248535,0.8919289708137512,1.0,120
109,V7,v7-auto-dps,5,-10.360030174255371,5.473392009735107,1.4648768901824951,2.3883678913116455,15.360030174255371,15.833422183990479,0.4733920097351074,0.4733920097351074,0.4166666666666667,0.5,0.9416666666666667,1.0128026008605957,0.8692845106124878,3.327224922180176,0.6113066673278809,1.0,120
110,V7,v7-auto-dps,5,-11.468157768249512,8.250588417053223,2.7595038414001465,1.3573750257492065,16.46815776824951,19.718746185302734,3.2505884170532227,3.2505884170532227,0.25,0.23333333333333334,0.575,1.9180943965911865,0.0,4.736036682128907,0.5881683230400085,1.0,120
111,V7,v7-auto-dps,5,-14.099248886108398,7.9936299324035645,3.1191272735595703,0.9242390990257263,19.0992488861084,22.092878818511963,2.9936299324035645,2.9936299324035645,0.18333333333333332,0.03333333333333333,0.8916666666666667,1.3354578018188477,0.0,4.015906715393067,0.634171187877655,1.0,120
112,V7,v7-auto-dps,5,-11.977615356445312,7.858963966369629,2.0727622509002686,1.0004727840423584,16.977615356445312,19.83657932281494,2.858963966369629,2.858963966369629,0.18333333333333332,0.0,0.8916666666666667,1.2558900117874146,0.0,4.02312822341919,-0.09993103891611099,1.0,120
113,V7,v7-auto-dps,5,-7.060605049133301,6.9338836669921875,1.585039734840393,0.7201312780380249,12.0606050491333,13.994488716125488,1.9338836669921875,1.9338836669921875,0.5833333333333334,0.9333333333333333,1.0,0.5752414464950562,0.0,2.922257947921753,0.5623644590377808,1.0,120
114,V7,v7-auto-dps,5,-10.806960105895996,5.2572855949401855,1.3417199850082397,2.2969114780426025,15.806960105895996,16.06424570083618,0.25728559494018555,0.25728559494018555,0.43333333333333335,0.36666666666666664,0.9583333333333334,0.49935877323150635,1.1853690147399902,2.607482957839966,0.848010778427124,1.0,120
115,V7,v7-auto-dps,5,-10.937761306762695,2.922377109527588,1.3184207677841187,1.678140640258789,15.937761306762695,13.860138416290283,-2.077622890472412,2.077622890472412,0.575,0.6333333333333333,0.8583333333333333,0.0,1.744111180305481,0.0,0.8680885434150696,1.0,120
116,V7,v7-auto-dps,5,-9.35988998413086,5.060997009277344,2.860835075378418,2.6314358711242676,14.35988998413086,14.420886993408203,0.06099700927734375,0.06099700927734375,0.55,0.26666666666666666,0.9083333333333333,0.8237878084182739,1.952750563621521,3.085101985931397,0.6351006627082825,1.0,120
117,V7,v7-auto-dps,5,-10.201059341430664,5.429188251495361,1.7686702013015747,2.3061678409576416,15.201059341430664,15.630247592926025,0.42918825149536133,0.42918825149536133,0.48333333333333334,0.4,0.9416666666666667,0.9726117849349976,1.1271520853042603,3.2934242248535157,0.6671178340911865,1.0,120
118,V7,v7-auto-dps,5,-13.854562759399414,6.8084025382995605,2.6379177570343018,2.297959566116333,18.854562759399414,20.662965297698975,1.8084025382995605,1.8084025382995605,0.3416666666666667,0.4666666666666667,0.825,1.4563624858856201,1.1070892810821533,4.518911838531494,0.7855840921401978,1.0,120
119,V7,v7-auto-dps,5,-11.63099193572998,3.2096951007843018,1.5449769496917725,3.0458621978759766,16.63099193572998,14.840687036514282,-1.7903048992156982,1.7903048992156982,0.475,0.3,0.6833333333333333,0.2627069652080536,3.0373897552490234,1.9858877182006842,0.4676535427570343,1.0,120
120,V7,v7-auto-dps,5,-8.64263916015625,7.0962371826171875,3.174649715423584,2.2300140857696533,13.64263916015625,15.738876342773438,2.0962371826171875,2.0962371826171875,0.475,0.6,0.75,1.9731416702270508,0.2547568082809448,5.019390964508057,0.6193210482597351,1.0,120
121,V7,v7-auto-dps,5,-8.86019515991211,6.604054927825928,1.4269450902938843,1.9958465099334717,13.86019515991211,15.464250087738037,1.6040549278259277,1.6040549278259277,0.425,0.13333333333333333,0.925,1.1565964221954346,0.7907310128211975,3.8747723579406745,0.4156477749347687,1.0,120
122,V7,v7-auto-dps,5,-11.856429100036621,4.92126989364624,2.1991262435913086,1.4143208265304565,16.85642910003662,16.77769899368286,-0.07873010635375977,0.07873010635375977,0.8833333333333333,1.0,1.0,0.8075888752937317,0.7945734262466431,1.594022607803345,0.38854241371154785,1.0,120
123,V7,v7-auto-dps,5,-9.126261711120605,5.0572686195373535,1.8882652521133423,1.6651395559310913,14.126261711120605,14.183530330657959,0.057268619537353516,0.057268619537353516,0.7833333333333333,0.8,1.0,0.703018069267273,0.8228238821029663,1.853555583953858,0.5722087025642395,1.0,120
124,V7,v7-auto-dps,5,-8.623929977416992,5.885540962219238,1.7301722764968872,3.9796316623687744,13.623929977416992,14.50947093963623,0.8855409622192383,0.8855409622192383,0.10833333333333334,0.23333333333333334,0.6083333333333333,1.7360719442367554,2.725562810897827,4.744162750244141,0.39947012066841125,1.0,120
125,V7,v7-auto-dps,5,-10.26279067993164,6.039269924163818,1.7869062423706055,2.564586639404297,15.26279067993164,16.30206060409546,1.0392699241638184,1.0392699241638184,0.4666666666666667,0.26666666666666666,0.825,1.396478533744812,1.4474849700927734,4.745761013031006,0.16505540907382965,1.0,120
126,V7,v7-auto-dps,5,-11.068603515625,7.77010440826416,2.0173120498657227,2.3346426486968994,16.068603515625,18.83870792388916,2.77010440826416,2.77010440826416,0.2916666666666667,0.0,0.625,2.18709135055542,0.5727764368057251,5.465807247161865,0.5163445472717285,1.0,120
127,V7,v7-auto-dps,5,-10.021553993225098,5.068850517272949,2.2891745567321777,3.164402723312378,15.021553993225098,15.090404510498047,0.06885051727294922,0.06885051727294922,0.30833333333333335,0.3333333333333333,0.8083333333333333,1.2049903869628906,1.874967098236084,3.6452303886413575,0.7992176413536072,1.0,120
128,V7,v7-auto-dps,5,-13.61276912689209,4.632456302642822,2.0908145904541016,2.38258695602417,18.61276912689209,18.245225429534912,-0.36754369735717773,0.36754369735717773,0.6166666666666667,1.0,0.8583333333333333,1.682076096534729,1.500917911529541,2.1239266395568883,0.03778624162077904,1.0,120
129,V7,v7-auto-dps,5,-8.79171085357666,3.644981861114502,1.5566190481185913,1.7294522523880005,13.79171085357666,12.436692714691162,-1.355018138885498,1.355018138885498,0.6666666666666666,0.9,0.9083333333333333,0.0,1.4789988994598389,0.6723175048828127,0.5732942819595337,1.0,120
100,V2,v2-dps,5,-9.513409614562988,7.691708564758301,2.2381787300109863,2.326571226119995,14.513409614562988,17.20511817932129,2.691708564758301,2.691708564758301,0.35833333333333334,0.03333333333333333,0.6583333333333333,2.1312601566314697,0.0,5.731980705261232,-0.050099991261959076,1.0,120
101,V2,v2-dps,5,-11.309728622436523,6.9441609382629395,2.160900592803955,1.3661179542541504,16.309728622436523,18.253889560699463,1.9441609382629395,1.9441609382629395,0.44166666666666665,0.5333333333333333,0.9916666666666667,0.9783319234848022,0.0,3.4642051696777343,0.7737133502960205,1.0,120
102,V2,v2-dps,5,-11.411004066467285,5.422131061553955,1.6569445133209229,1.235445261001587,16.411004066467285,16.83313512802124,0.4221310615539551,0.4221310615539551,0.875,0.5,1.0,0.8823394179344177,0.0,2.6304253578186034,0.4008209705352783,1.0,120
103,V2,v2-dps,5,-12.245481491088867,8.084714889526367,2.2118794918060303,1.9327868223190308,17.245481491088867,20.330196380615234,3.084714889526367,3.084714889526367,0.30833333333333335,0.13333333333333333,0.5833333333333334,2.23380184173584,0.0,5.021462345123291,0.575151801109314,1.0,120
104,V2,v2-dps,5,-8.234418869018555,7.317444324493408,1.8948702812194824,2.1294381618499756,13.234418869018555,15.551863193511963,2.317444324493408,2.317444324493408,0.325,0.06666666666666667,0.7166666666666667,1.6604567766189575,0.07118046283721924,4.388369464874268,0.10126768797636032,1.0,120
105,V2,v2-dps,5,-8.15213680267334,8.101567268371582,1.4537718296051025,1.2335820198059082,13.15213680267334,16.253704071044922,3.101567268371582,3.101567268371582,0.25833333333333336,0.06666666666666667,0.7083333333333334,1.687730312347412,0.0,4.699517726898193,0.49652236700057983,1.0,120
106,V2,v2-dps,5,-11.710646629333496,5.248651027679443,1.7848238945007324,1.0841069221496582,16.710646629333496,16.95929765701294,0.24865102767944336,0.24865102767944336,0.975,0.9,1.0,0.029496511444449425,0.0,1.5658433437347414,0.17634837329387665,1.0,120
107,V2,v2-dps,5,-11.366019248962402,7.418099880218506,2.2440378665924072,1.7714824676513672,16.366019248962402,18.784119129180908,2.418099880218506,2.418099880218506,0.425,0.0,0.7833333333333333,1.6619480848312378,0.0,4.995861816406251,0.5855160355567932,1.0,120
108,V2,v2-dps,5,-11.357391357421875,7.862349033355713,1.551923394203186,1.5577491521835327,16.357391357421875,19.219740390777588,2.862349033355713,2.862349033355713,0.3,0.1,0.7166666666666667,1.7628625631332397,0.0,4.48294677734375,0.682494580745697,1.0,120
109,V2,v2-dps,5,-10.357267379760742,6.35427188873291,1.467617154121399,1.234249234199524,15.357267379760742,16.711539268493652,1.3542718887329102,1.3542718887329102,0.7416666666666667,0.3333333333333333,1.0,1.0226999521255493,0.0,3.281456089019776,0.600378155708313,1.0,120
110,V2,v2-dps,5,-11.468873977661133,5.687047481536865,2.7588887214660645,1.4053070545196533,16.468873977661133,17.155921459197998,0.6870474815368652,0.6870474815368652,0.7833333333333333,0.23333333333333334,1.0,0.8136379718780518,0.0,2.884392929077149,0.05394165217876434,1.0,120
111,V2,v2-dps,5,-14.113021850585938,7.589631080627441,3.1251957416534424,2.066864490509033,19.113021850585938,21.70265293121338,2.5896310806274414,2.5896310806274414,0.3333333333333333,0.1,0.7666666666666667,1.774878740310669,0.0,5.493773174285891,0.4055180251598358,1.0,120
112,V2,v2-dps,5,-11.970611572265625,9.744612693786621,2.0772526264190674,2.5992984771728516,16.970611572265625,21.715224266052246,4.744612693786621,4.744612693786621,0.15,0.0,0.225,3.5874080657958984,0.0,7.305024719238282,-0.04688449203968048,1.0,120
113,V2,v2-dps,5,-7.056126594543457,6.909658432006836,1.5928349494934082,1.6569428443908691,12.056126594543457,13.965785026550293,1.909658432006836,1.909658432006836,0.48333333333333334,0.5666666666666667,0.85,1.2805066108703613,0.0,4.167774677276611,0.32938629388809204,1.0,120
114,V2,v2-dps,5,-10.811883926391602,8.833683013916016,1.3397035598754883,2.605470657348633,15.811883926391602,19.645566940307617,3.8336830139160156,3.8336830139160156,0.275,0.23333333333333334,0.49166666666666664,3.1523499488830566,0.0,6.94501953125,0.7872065901756287,1.0,120
115,V2,v2-dps,5,-10.946232795715332,7.950080394744873,1.3282588720321655,1.6154882907867432,15.946232795715332,18.896313190460205,2.950080394744873,2.950080394744873,0.35833333333333334,0.1,0.675,2.0016236305236816,0.0,5.030923461914063,0.4734182357788086,1.0,120
116,V2,v2-dps,5,-9.359694480895996,5.926974296569824,2.8631768226623535,1.4890600442886353,14.359694480895996,15.28666877746582,0.9269742965698242,0.9269742965698242,0.7666666666666667,0.26666666666666666,1.0,1.1916296482086182,0.0,3.368488883972168,0.6274701356887817,1.0,120
117,V2,v2-dps,5,-10.20244312286377,5.417807102203369,1.771041750907898,1.2040592432022095,15.20244312286377,15.620250225067139,0.41780710220336914,0.41780710220336914,0.9583333333333334,1.0,1.0,0.181781604886055,0.12906789779663086,1.8919451713562012,-0.013308827765285969,1.0,120
118,V2,v2-dps,5,-13.84349536895752,5.10031270980835,2.6419920921325684,0.8631970882415771,18.84349536895752,18.94380807876587,0.10031270980834961,0.10031270980834961,1.0,1.0,1.0,0.0,0.0,1.248236131668091,0.5504053235054016,1.0,120
119,V2,v2-dps,5,-11.633742332458496,6.875905990600586,1.5465468168258667,1.9173543453216553,16.633742332458496,18.509648323059082,1.875905990600586,1.875905990600586,0.45,0.7333333333333333,0.8833333333333333,1.387186050415039,0.0,4.260360431671144,0.6650549173355103,1.0,120
120,V2,v2-dps,5,-8.659157752990723,6.6597185134887695,3.170681953430176,1.7135777473449707,13.659157752990723,15.318876266479492,1.6597185134887695,1.6597185134887695,0.5416666666666666,0.43333333333333335,0.9083333333333333,1.0839791297912598,0.0,3.6375864028930667,0.08180586993694305,1.0,120
121,V2,v2-dps,5,-8.870657920837402,8.642897605895996,1.424754023551941,2.354461908340454,13.870657920837402,17.5135555267334,3.642897605895996,3.642897605895996,0.23333333333333334,0.1,0.4,2.826658248901367,0.14060790836811066,6.055713367462158,0.5996636748313904,1.0,120
122,V2,v2-dps,5,-11.856072425842285,6.7299275398254395,2.1932687759399414,1.4783066511154175,16.856072425842285,18.585999965667725,1.7299275398254395,1.7299275398254395,0.5,0.16666666666666666,1.0,1.0821382999420166,0.0,3.496562480926514,0.4554315209388733,1.0,120
123,V2,v2-dps,5,-9.137365341186523,8.572418212890625,1.892584204673767,2.425462007522583,14.137365341186523,17.70978355407715,3.572418212890625,3.572418212890625,0.2916666666666667,0.3333333333333333,0.45,2.9021222591400146,0.0,6.101288414001465,0.7181832194328308,1.0,120
124,V2,v2-dps,5,-8.621142387390137,5.5919270515441895,1.7316348552703857,1.653656005859375,13.621142387390137,14.213069438934326,0.5919270515441895,0.5919270515441895,0.7666666666666667,0.2,0.9833333333333333,1.27153480052948,0.0,3.531093406677246,-0.38217219710350037,1.0,120
125,V2,v2-dps,5,-10.259598731994629,8.544089317321777,1.7880284786224365,1.007171392440796,15.259598731994629,18.803688049316406,3.5440893173217773,3.5440893173217773,0.058333333333333334,0.06666666666666667,0.725,1.6594815254211426,0.0,4.928447818756105,-0.21488013863563538,1.0,120
126,V2,v2-dps,5,-11.038670539855957,6.489106178283691,2.0147438049316406,1.4871000051498413,16.038670539855957,17.52777671813965,1.4891061782836914,1.4891061782836914,0.6666666666666666,0.36666666666666664,0.9333333333333333,1.197522759437561,0.0,3.7072028160095214,0.6538171172142029,1.0,120
127,V2,v2-dps,5,-10.024572372436523,7.777507305145264,2.2907118797302246,1.3352351188659668,15.024572372436523,17.802079677581787,2.7775073051452637,2.7775073051452637,0.3333333333333333,0.5,0.7833333333333333,1.4761326313018799,0.0,4.806459140777588,0.5929821133613586,1.0,120
128,V2,v2-dps,5,-13.607131004333496,5.587159633636475,2.0981454849243164,1.3487884998321533,18.607131004333496,19.19429063796997,0.5871596336364746,0.5871596336364746,0.8583333333333333,0.9333333333333333,1.0,0.5146486759185791,0.0,2.1854099273681644,0.5826737880706787,1.0,120
129,V2,v2-dps,5,-8.804482460021973,6.743547439575195,1.5531058311462402,1.3571603298187256,13.804482460021973,15.548029899597168,1.7435474395751953,1.7435474395751953,0.5333333333333333,0.4,0.9583333333333334,0.8965247273445129,0.0,3.53845443725586,0.6217576265335083,1.0,120
100,V6,v6-closed-loop,5,-9.505419731140137,6.435141086578369,2.24038028717041,2.2367143630981445,14.505419731140137,15.940560817718506,1.4351410865783691,1.4351410865783691,0.49166666666666664,0.16666666666666666,0.8666666666666667,1.5385117530822754,0.799284815788269,4.21861572265625,0.03341086953878403,1.0,120
101,V6,v6-closed-loop,5,-11.307782173156738,6.587456226348877,2.1655046939849854,1.161061406135559,16.30778217315674,17.895238399505615,1.587456226348877,1.587456226348877,0.6166666666666667,0.5,1.0,0.7402178645133972,0.0,3.044628238677979,0.6959391236305237,1.0,120
102,V6,v6-closed-loop,5,-11.408576011657715,4.553701877593994,1.658204436302185,1.8500494956970215,16.408576011657715,15.962277889251709,-0.44629812240600586,0.44629812240600586,0.7083333333333334,0.5666666666666667,0.9416666666666667,0.35747671127319336,1.4537708759307861,1.895799160003664,0.6770543456077576,1.0,120
103,V6,v6-closed-loop,5,-12.248895645141602,6.117316722869873,2.2084450721740723,1.9227519035339355,17.2488956451416,18.366212368011475,1.117316722869873,1.117316722869873,0.5,0.23333333333333334,0.9916666666666667,0.7698996663093567,1.1238768100738525,3.120974349975586,0.5010508894920349,1.0,120
104,V6,v6-closed-loop,5,-8.235355377197266,5.581456661224365,1.89424467086792,1.7326160669326782,13.235355377197266,13.81681203842163,0.5814566612243652,0.5814566612243652,0.6,0.2,1.0,0.5395853519439697,0.5583328604698181,2.5754642963409426,-0.006596834398806095,1.0,120
105,V6,v6-closed-loop,5,-8.172342300415039,8.042215347290039,1.455039381980896,0.887017548084259,13.172342300415039,16.214557647705078,3.042215347290039,3.042215347290039,0.16666666666666666,0.0,0.7916666666666666,1.3191964626312256,0.0,4.173503303527832,0.3957001864910126,1.0,120
106,V6,v6-closed-loop,5,-11.713930130004883,5.121378421783447,1.7832200527191162,1.1228886842727661,16.713930130004883,16.83530855178833,0.12137842178344727,0.12137842178344727,0.95,0.8,1.0,0.056717634201049805,0.0,1.4567327499389664,0.1250905692577362,1.0,120
107,V6,v6-closed-loop,5,-11.36319351196289,7.116952419281006,2.241334915161133,1.345942735671997,16.36319351196289,18.480145931243896,2.116952419281006,2.116952419281006,0.5083333333333333,0.0,0.875,1.2170270681381226,0.0,4.123878860473633,0.5003538131713867,1.0,120
108,V6,v6-closed-loop,5,-11.354537010192871,7.019858360290527,1.5509310960769653,1.3045799732208252,16.35453701019287,18.3743953704834,2.0198583602905273,2.0198583602905273,0.38333333333333336,0.16666666666666666,1.0,0.9033403992652893,0.0,3.2865583419799806,0.6030434966087341,1.0,120
109,V6,v6-closed-loop,5,-10.363000869750977,6.591013431549072,1.4667298793792725,1.2829320430755615,15.363000869750977,16.95401430130005,1.5910134315490723,1.5910134315490723,0.6583333333333333,0.3333333333333333,0.95,1.026085615158081,0.0,3.4799433708190928,0.646933376789093,1.0,120
110,V6,v6-closed-loop,5,-11.463656425476074,4.860801696777344,2.7594552040100098,1.5320672988891602,16.463656425476074,16.324458122253418,-0.13919830322265625,0.13919830322265625,0.8,0.7333333333333333,0.9916666666666667,0.07322603464126587,0.8693805932998657,1.778067016601563,0.13668473064899445,1.0,120
111,V6,v6-closed-loop,5,-14.103267669677734,5.290730953216553,3.1324706077575684,1.9475502967834473,19.103267669677734,19.393998622894287,0.29073095321655273,0.29073095321655273,0.6833333333333333,0.36666666666666664,0.9583333333333334,1.0029102563858032,1.353247880935669,3.034410762786865,0.4346693456172943,1.0,120
112,V6,v6-closed-loop,5,-11.965452194213867,6.020639896392822,2.0751755237579346,2.9937050342559814,16.965452194213867,17.98609209060669,1.0206398963928223,1.0206398963928223,0.44166666666666665,0.16666666666666666,0.8083333333333333,1.4042918682098389,2.9908556938171387,3.590692615509035,-0.026902927085757256,1.0,120
113,V6,v6-closed-loop,5,-7.055246353149414,5.923065662384033,1.5861539840698242,1.2026660442352295,12.055246353149414,12.978312015533447,0.9230656623840332,0.9230656623840332,0.7833333333333333,0.6666666666666666,1.0,0.6197158098220825,0.0,2.6836862087249758,0.2826097011566162,1.0,120
114,V6,v6-closed-loop,5,-10.794717788696289,6.449613571166992,1.341353416442871,2.0609054565429688,15.794717788696289,17.24433135986328,1.4496135711669922,1.4496135711669922,0.5,0.36666666666666664,0.9,1.3363418579101562,0.8144984841346741,3.9837990760803232,0.6548667550086975,1.0,120
115,V6,v6-closed-loop,5,-10.951166152954102,7.849297046661377,1.3246445655822754,1.0921672582626343,15.951166152954102,18.80046319961548,2.849297046661377,2.849297046661377,0.2833333333333333,0.06666666666666667,0.775,1.3975720405578613,0.0,4.288952159881592,0.30190911889076233,1.0,120
116,V6,v6-closed-loop,5,-9.36051082611084,5.669559955596924,2.862534761428833,1.4114900827407837,14.36051082611084,15.030070781707764,0.6695599555969238,0.6695599555969238,0.7416666666666667,0.3333333333333333,1.0,0.6647211909294128,0.3207671642303467,2.711900568008423,0.6560384631156921,1.0,120
117,V6,v6-closed-loop,5,-10.201321601867676,6.019535541534424,1.7717794179916382,1.1261142492294312,15.201321601867676,16.2208571434021,1.0195355415344238,1.0195355415344238,0.7916666666666666,0.4,1.0,0.4336576759815216,0.0,2.452097940444946,0.013741902075707912,1.0,120
118,V6,v6-closed-loop,5,-13.8491849899292,4.373969554901123,2.6393327713012695,1.3207058906555176,18.8491849899292,18.223154544830322,-0.626030445098877,0.626030445098877,0.8416666666666667,1.0,1.0,0.0,0.9640593528747559,0.8487184047698976,0.45983827114105225,1.0,120
119,V6,v6-closed-loop,5,-11.637164115905762,4.965049743652344,1.5478848218917847,1.5740199089050293,16.63716411590576,16.602213859558105,-0.03495025634765625,0.03495025634765625,0.7583333333333333,0.6333333333333333,1.0,0.6384767293930054,0.5940881371498108,1.661935997009278,0.5505907535552979,1.0,120
120,V6,v6-closed-loop,5,-8.650880813598633,4.91235876083374,3.1689977645874023,2.0582175254821777,13.650880813598633,13.563239574432373,-0.08764123916625977,0.08764123916625977,0.6833333333333333,0.7333333333333333,0.9416666666666667,0.7455727458000183,1.4862812757492065,2.24542818069458,0.34440693259239197,1.0,120
121,V6,v6-closed-loop,5,-8.873979568481445,6.190121650695801,1.4239459037780762,2.16987681388855,13.873979568481445,15.064101219177246,1.1901216506958008,1.1901216506958008,0.45,0.23333333333333334,0.95,0.9599165916442871,1.6141682863235474,3.475607776641846,0.5510706305503845,1.0,120
122,V6,v6-closed-loop,5,-11.831335067749023,6.962969779968262,2.18688702583313,1.1864241361618042,16.831335067749023,18.794304847717285,1.9629697799682617,1.9629697799682617,0.5166666666666667,0.13333333333333333,1.0,1.0298832654953003,0.0,3.6589628219604498,0.3445952832698822,1.0,120
123,V6,v6-closed-loop,5,-9.139848709106445,5.774494647979736,1.894778847694397,2.0045289993286133,14.139848709106445,14.914343357086182,0.7744946479797363,0.7744946479797363,0.5583333333333333,0.4,1.0,0.7684269547462463,1.2064058780670166,3.0126811981201174,0.6982210278511047,1.0,120
124,V6,v6-closed-loop,5,-8.612300872802734,5.231973171234131,1.7284915447235107,1.7953121662139893,13.612300872802734,13.844274044036865,0.23197317123413086,0.23197317123413086,0.7083333333333334,0.23333333333333334,1.0,1.0533535480499268,0.5372316837310791,3.154565620422364,-0.3312629759311676,1.0,120
125,V6,v6-closed-loop,5,-10.290757179260254,8.5017728805542,1.7871447801589966,0.9215267300605774,15.290757179260254,18.792530059814453,3.501772880554199,3.501772880554199,0.058333333333333334,0.06666666666666667,0.7333333333333333,1.606934905052185,0.0,4.8055544853210455,-0.20025822520256042,1.0,120
126,V6,v6-closed-loop,5,-11.025789260864258,5.293696403503418,2.0130257606506348,1.7524679899215698,16.025789260864258,16.319485664367676,0.29369640350341797,0.29369640350341797,0.6833333333333333,0.5666666666666667,1.0,0.4685429632663727,0.9747109413146973,2.5059092044830322,0.7665438055992126,1.0,120
127,V6,v6-closed-loop,5,-10.020983695983887,8.202150344848633,2.2906980514526367,0.9272205829620361,15.020983695983887,18.22313404083252,3.202150344848633,3.202150344848633,0.058333333333333334,0.13333333333333333,0.7916666666666666,1.299783706665039,0.0,4.587288570404053,0.46672022342681885,1.0,120
128,V6,v6-closed-loop,5,-13.602465629577637,4.873551368713379,2.100576400756836,1.238527774810791,18.602465629577637,18.476016998291016,-0.1264486312866211,0.1264486312866211,0.8916666666666667,1.0,1.0,0.3163570165634155,0.45131915807724,1.344771432876587,0.5100229978561401,1.0,120
129,V6,v6-closed-loop,5,-8.77560043334961,7.065853595733643,1.5592639446258545,1.3076533079147339,13.77560043334961,15.841454029083252,2.0658535957336426,2.0658535957336426,0.38333333333333336,0.36666666666666664,0.9,0.9044138193130493,0.0,3.929467391967774,0.582686185836792,1.0,120
100,V7,v7-auto-dps,10,-9.506242752075195,10.597453117370605,2.240607261657715,0.996785581111908,19.506242752075195,20.1036958694458,0.5974531173706055,0.5974531173706055,0.9333333333333333,0.9333333333333333,1.0,0.5215001106262207,0.0,1.5981518745422363,-0.056902654469013214,1.0,120
101,V7,v7-auto-dps,10,-11.312453269958496,11.953783988952637,2.162311553955078,2.493825674057007,21.312453269958496,23.266237258911133,1.9537839889526367,1.9537839889526367,0.24166666666666667,0.16666666666666666,0.75,1.4911785125732422,1.358115553855896,4.759084987640381,0.7943499088287354,1.0,120
102,V7,v7-auto-dps,10,-11.41015625,8.596978187561035,1.65807044506073,2.283176898956299,21.41015625,20.007134437561035,-1.4030218124389648,1.4030218124389648,0.6166666666666667,0.7,0.875,0.17170333862304688,1.9839237928390503,1.1544735908508308,0.8521372079849243,1.0,120
103,V7,v7-auto-dps,10,-12.249197959899902,13.56482219696045,2.2085468769073486,2.778503179550171,22.249197959899902,25.81402015686035,3.564822196960449,3.564822196960449,0.30833333333333335,0.5333333333333333,0.49166666666666664,3.1407337188720703,0.0,6.995915412902833,0.8877772688865662,1.0,120
104,V7,v7-auto-dps,10,-8.235559463500977,11.903979301452637,1.8940341472625732,0.7300881743431091,18.235559463500977,20.139538764953613,1.9039793014526367,1.9039793014526367,0.5,0.6,1.0,0.4778502583503723,0.0,2.811821842193604,0.6177163124084473,1.0,120
105,V7,v7-auto-dps,10,-8.142630577087402,6.825047492980957,1.4527109861373901,1.623579978942871,18.142630577087402,14.96767807006836,-3.174952507019043,3.174952507019043,0.16666666666666666,0.16666666666666666,0.65,0.0,1.7093799114227295,0.0,-0.08189725875854492,1.0,120
106,V7,v7-auto-dps,10,-11.7135009765625,8.039055824279785,1.7842328548431396,0.8152079582214355,21.7135009765625,19.752556800842285,-1.9609441757202148,1.9609441757202148,0.5666666666666667,0.5666666666666667,0.9666666666666667,0.0,0.6478110551834106,0.0,0.47391194105148315,1.0,120
107,V7,v7-auto-dps,10,-11.363043785095215,11.360546112060547,2.247586488723755,1.4431179761886597,21.363043785095215,22.72358989715576,1.3605461120605469,1.3605461120605469,0.475,0.4,1.0,0.48605790734291077,0.06421339511871338,2.745504379272461,0.6295966506004333,1.0,120
108,V7,v7-auto-dps,10,-11.359700202941895,12.769351959228516,1.5517985820770264,1.3624863624572754,21.359700202941895,24.12905216217041,2.7693519592285156,2.7693519592285156,0.23333333333333334,0.1,0.8166666666666667,1.3441542387008667,0.0,4.156751251220703,0.7902585864067078,1.0,120
109,V7,v7-auto-dps,10,-10.358162879943848,10.528745651245117,1.4671610593795776,1.5314579010009766,20.358162879943848,20.886908531188965,0.5287456512451172,0.5287456512451172,0.7583333333333333,0.6666666666666666,1.0,0.5369316935539246,0.4867744445800781,2.30294828414917,0.5626347661018372,1.0,120
110,V7,v7-auto-dps,10,-11.468416213989258,11.77237606048584,2.758598566055298,0.9799046516418457,21.468416213989258,23.240792274475098,1.7723760604858398,1.7723760604858398,0.5,0.5666666666666667,1.0,0.5809715986251831,0.0,3.043266868591309,0.6094685792922974,1.0,120
111,V7,v7-auto-dps,10,-14.089178085327148,10.83281421661377,3.1077377796173096,0.7934386730194092,24.08917808532715,24.921992301940918,0.8328142166137695,0.8328142166137695,0.95,1.0,1.0,0.06762361526489258,0.0,1.7941429138183598,0.44093576073646545,1.0,120
112,V7,v7-auto-dps,10,-11.96574592590332,11.583908081054688,2.075664520263672,0.6790939569473267,21.96574592590332,23.549654006958008,1.5839080810546875,1.5839080810546875,0.65,0.5666666666666667,1.0,0.2616594731807709,0.0,2.318891429901124,0.0833335891366005,1.0,120
113,V7,v7-auto-dps,10,-7.054051876068115,8.601454734802246,1.5902734994888306,0.7508462071418762,17.054051876068115,15.655506610870361,-1.398545265197754,1.398545265197754,0.825,0.9,1.0,0.0,0.565565288066864,0.0,0.4529512822628021,1.0,120
114,V7,v7-auto-dps,10,-10.801552772521973,11.353707313537598,1.338956594467163,1.8280413150787354,20.801552772521973,22.15526008605957,1.3537073135375977,1.3537073135375977,0.475,0.6333333333333333,0.9916666666666667,0.9238162636756897,0.41093769669532776,3.3788136482238778,0.7903763651847839,1.0,120
115,V7,v7-auto-dps,10,-10.950724601745605,8.305570602416992,1.3264776468276978,1.3630881309509277,20.950724601745605,19.256295204162598,-1.6944293975830078,1.6944293975830078,0.6833333333333333,0.7333333333333333,0.9,0.0,1.3515552282333374,0.0,0.791318953037262,1.0,120
116,V7,v7-auto-dps,10,-9.363394737243652,10.336324691772461,2.8608946800231934,2.246683120727539,19.363394737243652,19.699719429016113,0.33632469177246094,0.33632469177246094,0.5916666666666667,0.36666666666666664,0.9166666666666666,0.5716970562934875,1.6161335706710815,2.6384298324584963,0.5405341982841492,1.0,120
117,V7,v7-auto-dps,10,-10.20199203491211,11.01846694946289,1.7717113494873047,1.647074818611145,20.20199203491211,21.220458984375,1.0184669494628906,1.0184669494628906,0.6333333333333333,0.8,1.0,0.8028313517570496,0.6163272857666016,3.0774098396301275,0.663275420665741,1.0,120
118,V7,v7-auto-dps,10,-13.85112476348877,10.842000007629395,2.6413772106170654,1.6557718515396118,23.85112476348877,24.693124771118164,0.8420000076293945,0.8420000076293945,0.6916666666666667,0.9,1.0,0.8217377662658691,0.9714670181274414,2.8357624053955077,0.7668295502662659,1.0,120
119,V7,v7-auto-dps,10,-11.63308048248291,9.02728271484375,1.5476353168487549,2.917694568634033,21.63308048248291,20.66036319732666,-0.97271728515625,0.97271728515625,0.4083333333333333,0.23333333333333334,0.7583333333333333,0.6980838775634766,2.252803325653076,2.7136831283569336,0.41389718651771545,1.0,120
120,V7,v7-auto-dps,10,-8.647055625915527,12.539308547973633,3.173901319503784,1.8060098886489868,18.647055625915527,21.18636417388916,2.539308547973633,2.539308547973633,0.35833333333333334,0.36666666666666664,0.8083333333333333,1.6103042364120483,0.0,4.969277286529542,0.6230936646461487,1.0,120
121,V7,v7-auto-dps,10,-8.88148307800293,12.1690673828125,1.4244139194488525,1.7960565090179443,18.88148307800293,21.05055046081543,2.1690673828125,2.1690673828125,0.35833333333333334,0.06666666666666667,0.8666666666666667,1.3420605659484863,0.10581096261739731,4.266856384277345,0.32230865955352783,1.0,120
122,V7,v7-auto-dps,10,-11.859822273254395,7.731740474700928,2.1955931186676025,1.1227394342422485,21.859822273254395,19.591562747955322,-2.2682595252990723,2.2682595252990723,0.43333333333333335,0.8666666666666667,0.9166666666666666,0.0,1.0560083389282227,0.0,0.34306877851486206,1.0,120
123,V7,v7-auto-dps,10,-9.115422248840332,10.101531028747559,1.8770778179168701,1.4957554340362549,19.115422248840332,19.21695327758789,0.1015310287475586,0.1015310287475586,0.825,0.8,1.0,0.519805908203125,0.8144855499267578,1.7916189193725596,0.5319890379905701,1.0,120
124,V7,v7-auto-dps,10,-8.620367050170898,10.531045913696289,1.7310389280319214,3.667947769165039,18.6203670501709,19.151412963867188,0.5310459136962891,0.5310459136962891,0.2,0.26666666666666666,0.8,1.4132630825042725,2.448192596435547,3.9571625709533693,0.41575878858566284,1.0,120
125,V7,v7-auto-dps,10,-10.259708404541016,11.416659355163574,1.787699580192566,1.9845693111419678,20.259708404541016,21.67636775970459,1.4166593551635742,1.4166593551635742,0.5333333333333333,0.23333333333333334,0.875,1.3161485195159912,0.8104797005653381,4.239350509643555,0.08874142915010452,1.0,120
126,V7,v7-auto-dps,10,-11.025931358337402,12.628107070922852,2.013392925262451,1.9439637660980225,21.025931358337402,23.654038429260254,2.6281070709228516,2.6281070709228516,0.31666666666666665,0.0,0.65,1.7235010862350464,0.0,4.770169830322265,0.49501776695251465,1.0,120
127,V7,v7-auto-dps,10,-10.03268051147461,10.718902587890625,2.2913336753845215,2.694206953048706,20.03268051147461,20.751583099365234,0.718902587890625,0.718902587890625,0.4166666666666667,0.43333333333333335,0.8416666666666667,1.3323018550872803,1.4164741039276123,3.9651254653930668,0.780724048614502,1.0,120
128,V7,v7-auto-dps,10,-13.599191665649414,9.375486373901367,2.0986719131469727,2.2197632789611816,23.599191665649414,22.97467803955078,-0.6245136260986328,0.6245136260986328,0.6083333333333333,1.0,0.8916666666666667,1.4299236536026,1.3766502141952515,2.157594871520997,-0.03210826963186264,1.0,120
129,V7,v7-auto-dps,10,-8.781805038452148,10.309050559997559,1.5572155714035034,1.058359980583191,18.78180503845215,19.090855598449707,0.3090505599975586,0.3090505599975586,0.9166666666666666,1.0,1.0,0.07495737075805664,0.23378974199295044,1.3900154113769532,0.7526296973228455,1.0,120
100,V2,v2-dps,10,-9.512015342712402,12.194210052490234,2.2398293018341064,2.121695041656494,19.512015342712402,21.706225395202637,2.1942100524902344,2.1942100524902344,0.5166666666666667,0.06666666666666667,0.7833333333333333,2.065366744995117,0.0,5.163497352600098,-0.10656484216451645,1.0,120
101,V2,v2-dps,10,-11.31025218963623,10.8062105178833,2.155484914779663,0.9458802342414856,21.31025218963623,22.11646270751953,0.8062105178833008,0.8062105178833008,0.9166666666666666,1.0,1.0,0.4526329040527344,0.0,1.9334317207336427,0.6907630562782288,1.0,120
102,V2,v2-dps,10,-11.411483764648438,10.203141212463379,1.658106803894043,1.1540645360946655,21.411483764648438,21.614624977111816,0.2031412124633789,0.2031412124633789,0.8916666666666667,0.6333333333333333,1.0,0.31145578622817993,0.0,2.0385410308837897,0.2829533517360687,1.0,120
103,V2,v2-dps,10,-12.250411033630371,12.97341251373291,2.2070226669311523,2.0379607677459717,22.25041103363037,25.22382354736328,2.97341251373291,2.97341251373291,0.325,0.16666666666666666,0.6333333333333333,2.21186900138855,0.0,5.197543525695801,0.657241702079773,1.0,120
104,V2,v2-dps,10,-8.210979461669922,11.475841522216797,1.8936647176742554,1.821966290473938,18.210979461669922,19.68682098388672,1.4758415222167969,1.4758415222167969,0.525,0.13333333333333333,0.95,1.0680903196334839,0.049836158752441406,3.149322032928467,0.10482456535100937,1.0,120
105,V2,v2-dps,10,-8.173469543457031,12.016849517822266,1.4532818794250488,0.8542892336845398,18.17346954345703,20.190319061279297,2.0168495178222656,2.0168495178222656,0.45,0.2,1.0,0.6895354986190796,0.0,2.9293148040771486,0.349423348903656,1.0,120
106,V2,v2-dps,10,-11.716978073120117,10.09673023223877,1.7829811573028564,0.9197574257850647,21.716978073120117,21.813708305358887,0.09673023223876953,0.09673023223876953,1.0,1.0,1.0,0.0,0.0,1.1699233055114746,0.34681564569473267,1.0,120
107,V2,v2-dps,10,-11.365279197692871,11.778192520141602,2.242701292037964,1.253611445426941,21.36527919769287,23.143471717834473,1.7781925201416016,1.7781925201416016,0.55,0.0,1.0,0.9116145372390747,0.0,3.4224424362182617,0.47607889771461487,1.0,120
108,V2,v2-dps,10,-11.360487937927246,11.968277931213379,1.5545895099639893,1.2130998373031616,21.360487937927246,23.328765869140625,1.968277931213379,1.968277931213379,0.38333333333333336,0.3,0.9666666666666667,0.7611789107322693,0.0,3.3953863143920904,0.6085816621780396,1.0,120
109,V2,v2-dps,10,-10.359627723693848,11.558310508728027,1.468353271484375,1.268686056137085,20.359627723693848,21.917938232421875,1.5583105087280273,1.5583105087280273,0.6083333333333333,0.3,0.95,0.8867405652999878,0.0,3.3793007850646983,0.6328820586204529,1.0,120
110,V2,v2-dps,10,-11.457242012023926,10.649094581604004,2.7568366527557373,1.1807843446731567,21.457242012023926,22.10633659362793,0.6490945816040039,0.6490945816040039,0.8333333333333334,0.5,1.0,0.46201688051223755,0.0,2.4212586402893073,0.11838562786579132,1.0,120
111,V2,v2-dps,10,-14.134932518005371,12.205323219299316,3.141000986099243,1.6090854406356812,24.13493251800537,26.340255737304688,2.2053232192993164,2.2053232192993164,0.4166666666666667,0.1,0.85,1.2881650924682617,0.0,4.316397953033447,0.3722093105316162,1.0,120
112,V2,v2-dps,10,-11.96996021270752,13.286563873291016,2.0744552612304688,2.35870361328125,21.96996021270752,25.256524085998535,3.2865638732910156,3.2865638732910156,0.19166666666666668,0.03333333333333333,0.7416666666666667,2.086077928543091,0.0,5.588565158843995,-0.0015762931434437633,1.0,120
113,V2,v2-dps,10,-7.055677890777588,11.470694541931152,1.5875900983810425,1.5853559970855713,17.055677890777588,18.52637243270874,1.4706945419311523,1.4706945419311523,0.6666666666666666,0.6333333333333333,0.9166666666666666,1.3664095401763916,0.0,3.8753610610961915,0.3061414659023285,1.0,120
114,V2,v2-dps,10,-10.809679985046387,12.767226219177246,1.3388957977294922,2.0465900897979736,20.809679985046387,23.576906204223633,2.767226219177246,2.767226219177246,0.325,0.26666666666666666,0.6666666666666666,1.9681754112243652,0.0,5.180815505981446,0.730172336101532,1.0,120
115,V2,v2-dps,10,-10.94336223602295,11.86130142211914,1.3241989612579346,1.1642286777496338,20.94336223602295,22.80466365814209,1.8613014221191406,1.8613014221191406,0.48333333333333334,0.2,0.975,0.8340979814529419,0.0,3.1439702033996593,0.5272466540336609,1.0,120
116,V2,v2-dps,10,-9.36380386352539,10.244244575500488,2.8686373233795166,1.0040541887283325,19.36380386352539,19.60804843902588,0.24424457550048828,0.24424457550048828,0.95,1.0,1.0,0.7229992747306824,0.0,1.3819063186645508,0.4858713448047638,1.0,120
117,V2,v2-dps,10,-10.208040237426758,10.221765518188477,1.7717360258102417,0.919302225112915,20.208040237426758,20.429805755615234,0.22176551818847656,0.22176551818847656,0.9583333333333334,1.0,1.0,0.3441177308559418,0.0,0.9667962074279787,-0.01890719309449196,1.0,120
118,V2,v2-dps,10,-13.843770027160645,9.813730239868164,2.6426780223846436,0.5855159759521484,23.843770027160645,23.65750026702881,-0.18626976013183594,0.18626976013183594,1.0,1.0,1.0,0.0,0.0,0.599225425720216,0.5239759087562561,1.0,120
119,V2,v2-dps,10,-11.635162353515625,12.237512588500977,1.548047423362732,2.0752358436584473,21.635162353515625,23.8726749420166,2.2375125885009766,2.2375125885009766,0.44166666666666665,0.7333333333333333,0.775,1.8652698993682861,0.0,4.75253381729126,0.6926057934761047,1.0,120
120,V2,v2-dps,10,-8.637492179870605,11.755881309509277,3.1738383769989014,1.6954373121261597,18.637492179870605,20.393373489379883,1.7558813095092773,1.7558813095092773,0.5833333333333334,0.26666666666666666,0.9,1.2831226587295532,0.0,3.9423948287963877,0.09976651519536972,1.0,120
121,V2,v2-dps,10,-8.845758438110352,11.98459243774414,1.426088571548462,1.5966488122940063,18.84575843811035,20.830350875854492,1.9845924377441406,1.9845924377441406,0.4583333333333333,0.13333333333333333,0.9333333333333333,1.1432818174362183,0.0,3.7932108879089355,0.37707510590553284,1.0,120
122,V2,v2-dps,10,-11.859479904174805,11.22644329071045,2.195324182510376,1.1522763967514038,21.859479904174805,23.085923194885254,1.2264432907104492,1.2264432907104492,0.6666666666666666,0.23333333333333334,1.0,0.49733322858810425,0.0,2.6799283981323243,0.40853309631347656,1.0,120
123,V2,v2-dps,10,-9.135394096374512,12.461795806884766,1.8825684785842896,1.8714382648468018,19.13539409637451,21.597189903259277,2.4617958068847656,2.4617958068847656,0.35833333333333334,0.36666666666666664,0.7416666666666667,1.6455671787261963,0.0,4.482789421081543,0.6057457327842712,1.0,120
124,V2,v2-dps,10,-8.619830131530762,10.450634956359863,1.730571985244751,1.599016547203064,18.61983013153076,19.070465087890625,0.4506349563598633,0.4506349563598633,0.7583333333333333,0.23333333333333334,1.0,0.9188485145568848,0.0,3.0265962600708014,-0.25983017683029175,1.0,120
125,V2,v2-dps,10,-10.280561447143555,11.591638565063477,1.7852330207824707,0.9197384715080261,20.280561447143555,21.87220001220703,1.5916385650634766,1.5916385650634766,0.7166666666666667,0.9,0.9916666666666667,0.7715292572975159,0.0,2.9089430809021,-0.34087932109832764,1.0,120
126,V2,v2-dps,10,-11.032120704650879,11.658782005310059,2.013066291809082,1.6268384456634521,21.03212070465088,22.690902709960938,1.6587820053100586,1.6587820053100586,0.5416666666666666,0.36666666666666664,0.9583333333333334,1.1197080612182617,0.0,3.715117931365967,0.758858323097229,1.0,120
127,V2,v2-dps,10,-10.024486541748047,12.299006462097168,2.290167808532715,1.1302050352096558,20.024486541748047,22.323493003845215,2.299006462097168,2.299006462097168,0.475,0.6,0.8833333333333333,1.087520956993103,0.0,4.152056026458741,0.4321652948856354,1.0,120
128,V2,v2-dps,10,-13.631367683410645,10.535295486450195,2.1036672592163086,1.303294062614441,23.631367683410645,24.16666316986084,0.5352954864501953,0.5352954864501953,0.8583333333333333,1.0,1.0,0.6897719502449036,0.03614377975463867,2.1366907119750986,0.42608338594436646,1.0,120
129,V2,v2-dps,10,-8.790802001953125,10.777243614196777,1.555126667022705,1.1483808755874634,18.790802001953125,19.568045616149902,0.7772436141967773,0.7772436141967773,0.825,0.6333333333333333,1.0,0.5756641626358032,0.0,2.444923114776612,0.6281612515449524,1.0,120
100,V6,v6-closed-loop,10,-9.509782791137695,10.825456619262695,2.2429709434509277,1.5612189769744873,19.509782791137695,20.33523941040039,0.8254566192626953,0.8254566192626953,0.6583333333333333,0.2,1.0,0.68193519115448,0.303987592458725,3.020735359191895,-0.022443128749728203,1.0,120
101,V6,v6-closed-loop,10,-11.274486541748047,11.686307907104492,2.137852907180786,0.8802818059921265,21.274486541748047,22.96079444885254,1.6863079071044922,1.6863079071044922,0.625,0.43333333333333335,1.0,0.5976682305335999,0.0,2.871792793273926,0.6052192449569702,1.0,120
102,V6,v6-closed-loop,10,-11.407988548278809,10.128640174865723,1.6582896709442139,1.4864190816879272,21.40798854827881,21.53662872314453,0.12864017486572266,0.12864017486572266,0.8333333333333334,0.7333333333333333,0.9833333333333333,0.1672978401184082,1.2996995449066162,1.8918812751770024,0.6487109065055847,1.0,120
103,V6,v6-closed-loop,10,-12.249773979187012,10.974782943725586,2.208005428314209,1.4021111726760864,22.24977397918701,23.224556922912598,0.9747829437255859,0.9747829437255859,0.7416666666666667,0.8333333333333334,0.9916666666666667,0.5869138836860657,0.35717302560806274,2.3853570938110353,0.47904884815216064,1.0,120
104,V6,v6-closed-loop,10,-8.234171867370605,10.108988761901855,1.8955265283584595,1.15650475025177,18.234171867370605,18.34316062927246,0.10898876190185547,0.10898876190185547,0.9416666666666667,1.0,1.0,0.5734857320785522,0.04120898246765137,1.3725467681884767,0.0250163022428751,1.0,120
105,V6,v6-closed-loop,10,-8.1519193649292,12.362638473510742,1.4518821239471436,0.7145455479621887,18.1519193649292,20.51455783843994,2.362638473510742,2.362638473510742,0.36666666666666664,0.06666666666666667,1.0,0.8272296786308289,0.0,3.2390390396118165,0.2988121509552002,1.0,120
106,V6,v6-closed-loop,10,-11.712095260620117,10.69415283203125,1.7842317819595337,0.8174096345901489,21.712095260620117,22.406248092651367,0.69415283203125,0.69415283203125,1.0,1.0,1.0,0.0,0.0,1.78483943939209,0.12420202046632767,1.0,120
107,V6,v6-closed-loop,10,-11.366174697875977,12.74225902557373,2.2394256591796875,1.0723731517791748,21.366174697875977,24.108433723449707,2.7422590255737305,2.7422590255737305,0.2833333333333333,0.0,0.85,1.2697840929031372,0.0,4.214700317382813,0.32310032844543457,1.0,120
108,V6,v6-closed-loop,10,-11.357576370239258,12.198418617248535,1.5525790452957153,0.9823313355445862,21.357576370239258,23.555994987487793,2.198418617248535,2.198418617248535,0.36666666666666664,0.16666666666666666,0.9916666666666667,0.7950486540794373,0.0,3.402840900421143,0.4456360936164856,1.0,120
109,V6,v6-closed-loop,10,-10.364705085754395,12.235739707946777,1.4674451351165771,1.1004912853240967,20.364705085754395,22.600444793701172,2.2357397079467773,2.2357397079467773,0.4583333333333333,0.2,0.9083333333333333,1.0757873058319092,0.0,3.936341953277588,0.6162618398666382,1.0,120
110,V6,v6-closed-loop,10,-11.47036361694336,10.337583541870117,2.7575995922088623,1.2305043935775757,21.47036361694336,21.807947158813477,0.3375835418701172,0.3375835418701172,0.9166666666666666,1.0,1.0,0.1377217024564743,0.7298902869224548,1.764621734619141,0.15053124725818634,1.0,120
111,V6,v6-closed-loop,10,-14.101117134094238,11.323302268981934,3.138916015625,1.7104735374450684,24.10111713409424,25.424419403076172,1.3233022689819336,1.3233022689819336,0.6333333333333333,0.13333333333333333,0.9416666666666667,1.3041893243789673,0.6648359298706055,3.741883754730225,0.38545116782188416,1.0,120
112,V6,v6-closed-loop,10,-11.974440574645996,10.898640632629395,2.073782444000244,2.700885534286499,21.974440574645996,22.87308120727539,0.8986406326293945,0.8986406326293945,0.48333333333333334,0.26666666666666666,0.8333333333333334,1.1612963676452637,2.4945032596588135,3.1938811302185077,-0.038328867405653,1.0,120
113,V6,v6-closed-loop,10,-7.059842109680176,10.140275001525879,1.5834370851516724,0.9144738912582397,17.059842109680176,17.200117111206055,0.1402750015258789,0.1402750015258789,0.9833333333333333,1.0,1.0,0.447542667388916,0.0,1.2886734008789065,0.1555601805448532,1.0,120
114,V6,v6-closed-loop,10,-10.804808616638184,11.129337310791016,1.3409101963043213,1.6275209188461304,20.804808616638184,21.9341459274292,1.1293373107910156,1.1293373107910156,0.6083333333333333,0.43333333333333335,1.0,0.7672709822654724,0.6697686910629272,3.047743320465088,0.5428801774978638,1.0,120
115,V6,v6-closed-loop,10,-10.957049369812012,11.28640365600586,1.3251011371612549,0.7307682633399963,20.95704936981201,22.24345302581787,1.2864036560058594,1.2864036560058594,0.8083333333333333,0.7666666666666667,1.0,0.29457566142082214,0.0,2.167588138580322,0.30153125524520874,1.0,120
116,V6,v6-closed-loop,10,-9.368882179260254,11.05739688873291,2.868288993835449,1.116952657699585,19.368882179260254,20.426279067993164,1.0573968887329102,1.0573968887329102,0.7583333333333333,0.36666666666666664,0.9916666666666667,0.5302144289016724,0.0,2.404433822631836,0.5326512455940247,1.0,120
117,V6,v6-closed-loop,10,-10.201495170593262,11.265748023986816,1.7718790769577026,0.8348323702812195,20.20149517059326,21.467243194580078,1.2657480239868164,1.2657480239868164,0.9,1.0,1.0,0.8088438510894775,0.0,1.970446109771729,0.06048675999045372,1.0,120
118,V6,v6-closed-loop,10,-13.857940673828125,8.917771339416504,2.6396281719207764,1.1096807718276978,23.857940673828125,22.77571201324463,-1.082228660583496,1.082228660583496,0.8166666666666667,1.0,0.9833333333333333,0.0,0.9806642532348633,0.14536838531494156,0.5021508932113647,1.0,120
119,V6,v6-closed-loop,10,-11.631054878234863,10.816214561462402,1.547072172164917,1.5185141563415527,21.631054878234863,22.447269439697266,0.8162145614624023,0.8162145614624023,0.7833333333333333,0.9666666666666667,0.9833333333333333,0.8040153384208679,0.035576820373535156,2.6423325538635254,0.5527974963188171,1.0,120
120,V6,v6-closed-loop,10,-8.65693187713623,10.930194854736328,3.1617233753204346,1.6920627355575562,18.65693187713623,19.58712673187256,0.9301948547363281,0.9301948547363281,0.7166666666666667,0.4666666666666667,0.95,1.168822169303894,0.7088093757629395,2.952783489227298,0.19109493494033813,1.0,120
121,V6,v6-closed-loop,10,-8.879002571105957,11.347274780273438,1.4243890047073364,1.892673134803772,18.879002571105957,20.226277351379395,1.3472747802734375,1.3472747802734375,0.5166666666666667,0.2,0.9666666666666667,1.0313936471939087,1.1395686864852905,3.400682926177979,0.47706690430641174,1.0,120
122,V6,v6-closed-loop,10,-11.857644081115723,10.870599746704102,2.194960594177246,0.7701441645622253,21.857644081115723,22.728243827819824,0.8705997467041016,0.8705997467041016,0.9833333333333333,1.0,1.0,0.17435169219970703,0.0,1.8641876220703126,0.3362107276916504,1.0,120
123,V6,v6-closed-loop,10,-9.145951271057129,11.45084285736084,1.8911137580871582,1.742422342300415,19.14595127105713,20.59679412841797,1.4508428573608398,1.4508428573608398,0.48333333333333334,0.36666666666666664,1.0,0.9506312608718872,0.391878604888916,3.357016277313233,0.6434805989265442,1.0,120
124,V6,v6-closed-loop,10,-8.611089706420898,10.975954055786133,1.7277785539627075,1.5498067140579224,18.6110897064209,19.58704376220703,0.9759540557861328,0.9759540557861328,0.7166666666666667,0.13333333333333333,0.9916666666666667,1.1399704217910767,0.0,3.419704055786133,-0.34894201159477234,1.0,120
125,V6,v6-closed-loop,10,-10.252965927124023,11.535496711730957,1.7864257097244263,0.7088035941123962,20.252965927124023,21.78846263885498,1.535496711730957,1.535496711730957,0.7666666666666667,0.9333333333333333,1.0,0.5716243386268616,0.0,2.5086530685424813,-0.4153306484222412,1.0,120
126,V6,v6-closed-loop,10,-11.05249309539795,10.888334274291992,2.016127824783325,1.3372533321380615,21.05249309539795,21.94082736968994,0.8883342742919922,0.8883342742919922,0.725,0.5666666666666667,1.0,0.48157063126564026,0.15098178386688232,2.407574939727784,0.6954019665718079,1.0,120
127,V6,v6-closed-loop,10,-10.031140327453613,12.402932167053223,2.289742946624756,0.7025727033615112,20.031140327453613,22.434072494506836,2.4029321670532227,2.4029321670532227,0.2833333333333333,0.3,0.9666666666666667,0.7079083919525146,0.0,3.4804233551025394,0.24499456584453583,1.0,120
128,V6,v6-closed-loop,10,-13.607682228088379,10.497090339660645,2.0921411514282227,1.1288808584213257,23.60768222808838,24.104772567749023,0.49709033966064453,0.49709033966064453,0.9166666666666666,1.0,1.0,0.714777946472168,0.1244659423828125,1.8819562911987306,0.3682316541671753,1.0,120
129,V6,v6-closed-loop,10,-8.758952140808105,11.674748420715332,1.5672017335891724,1.0545538663864136,18.758952140808105,20.433700561523438,1.674748420715332,1.674748420715332,0.6666666666666666,0.4,0.9916666666666667,0.8596689105033875,0.0,3.225449466705322,0.6193686723709106,1.0,120
100,V7,v7-auto-dps,15,-9.512752532958984,12.516423225402832,2.2396669387817383,0.8082393407821655,24.512752532958984,22.029175758361816,-2.483576774597168,2.483576774597168,0.225,0.13333333333333333,0.95,0.0,0.7844519019126892,0.0,-0.059896472841501236,1.0,120
101,V7,v7-auto-dps,15,-11.310860633850098,14.867159843444824,2.160770893096924,2.4300131797790527,26.310860633850098,26.178020477294922,-0.13284015655517578,0.13284015655517578,0.6,0.3333333333333333,0.875,0.6010728478431702,2.217426061630249,2.5655488967895512,0.8012133240699768,1.0,120
102,V7,v7-auto-dps,15,-11.406583786010742,13.505480766296387,1.6572767496109009,1.9037563800811768,26.406583786010742,24.91206455230713,-1.4945192337036133,1.4945192337036133,0.6416666666666667,0.7333333333333333,0.9083333333333333,0.1201314926147461,1.6724321842193604,0.5345459938049326,0.8525781631469727,1.0,120
103,V7,v7-auto-dps,15,-12.250103950500488,17.138946533203125,2.208596706390381,2.5327682495117188,27.25010395050049,29.389050483703613,2.138946533203125,2.138946533203125,0.4,0.6333333333333333,0.725,2.12188458442688,0.3461562991142273,5.282913398742677,0.8730915188789368,1.0,120
104,V7,v7-auto-dps,15,-8.238094329833984,13.40246295928955,1.893940806388855,0.6054357290267944,23.238094329833984,21.640557289123535,-1.5975370407104492,1.5975370407104492,0.7,0.6,1.0,0.0,0.2870428264141083,0.0,0.5620869398117065,1.0,120
105,V7,v7-auto-dps,15,-8.172075271606445,12.945816993713379,1.4537431001663208,1.281044840812683,23.172075271606445,21.117892265319824,-2.054183006286621,2.054183006286621,0.4166666666666667,0.6,1.0,0.0,0.8695072531700134,0.0,-0.1941542774438858,1.0,120
106,V7,v7-auto-dps,15,-11.711700439453125,12.175527572631836,1.7833894491195679,0.7418097257614136,26.711700439453125,23.88722801208496,-2.824472427368164,2.824472427368164,0.15,0.0,0.9416666666666667,0.0,1.026721477508545,0.0,0.4091053903102875,1.0,120
107,V7,v7-auto-dps,15,-11.363697052001953,14.043130874633789,2.2296128273010254,1.2254308462142944,26.363697052001953,25.406827926635742,-0.9568691253662109,0.9568691253662109,0.8166666666666667,1.0,0.975,0.0,1.1502902507781982,0.14118652343750004,0.608350396156311,1.0,120
108,V7,v7-auto-dps,15,-11.356600761413574,15.028768539428711,1.5505882501602173,1.138018250465393,26.356600761413574,26.385369300842285,0.028768539428710938,0.028768539428710938,0.9,1.0,1.0,0.510432243347168,0.14577627182006836,1.2327531814575197,0.6842930912971497,1.0,120
109,V7,v7-auto-dps,15,-10.36205005645752,13.977095603942871,1.4685603380203247,1.3226494789123535,25.36205005645752,24.33914566040039,-1.022904396057129,1.022904396057129,0.7333333333333333,0.9333333333333333,1.0,0.07824325561523438,0.5931217074394226,0.832264804840088,0.4727631211280823,1.0,120
110,V7,v7-auto-dps,15,-11.464384078979492,13.867960929870605,2.7574634552001953,0.7892541289329529,26.464384078979492,25.332345008850098,-1.1320390701293945,1.1320390701293945,0.8416666666666667,0.8333333333333334,1.0,0.0,0.35526108741760254,0.0,0.5951995849609375,1.0,120
111,V7,v7-auto-dps,15,-14.115885734558105,11.913637161254883,3.128211736679077,0.7917339205741882,29.115885734558105,26.02952289581299,-3.086362838745117,3.086362838745117,0.05,0.0,0.8583333333333333,0.0,1.1485745906829834,0.0,0.3080320954322815,1.0,120
112,V7,v7-auto-dps,15,-11.965153694152832,13.928425788879395,2.074552536010742,0.5376896262168884,26.965153694152832,25.893579483032227,-1.0715742111206055,1.0715742111206055,0.975,1.0,1.0,0.0,0.09043566137552261,0.0,0.26053863763809204,1.0,120
113,V7,v7-auto-dps,15,-7.055037498474121,12.285161972045898,1.5883080959320068,0.7866767644882202,22.05503749847412,19.34019947052002,-2.7148380279541016,2.7148380279541016,0.23333333333333334,0.0,0.9416666666666667,0.0,1.0239700078964233,0.0,0.3702305257320404,1.0,120
114,V7,v7-auto-dps,15,-10.809046745300293,14.887117385864258,1.34108567237854,1.491706132888794,25.809046745300293,25.69616413116455,-0.11288261413574219,0.11288261413574219,0.75,0.6666666666666666,1.0,0.24025845527648926,0.4647159278392792,1.7246517181396486,0.7377156019210815,1.0,120
115,V7,v7-auto-dps,15,-10.94836139678955,12.559365272521973,1.3256909847259521,1.2854844331741333,25.94836139678955,23.507726669311523,-2.4406347274780273,2.4406347274780273,0.25833333333333336,0.03333333333333333,0.8833333333333333,0.0,1.0246211290359497,0.0,0.591040313243866,1.0,120
116,V7,v7-auto-dps,15,-9.363203048706055,14.265002250671387,2.8602724075317383,2.057506561279297,24.363203048706055,23.62820529937744,-0.7349977493286133,0.7349977493286133,0.7166666666666667,0.8,0.9083333333333333,0.06297874450683594,1.6828880310058594,1.3493957519531252,0.47045063972473145,1.0,120
117,V7,v7-auto-dps,15,-10.204081535339355,14.207991600036621,1.7714594602584839,1.4063606262207031,25.204081535339355,24.412073135375977,-0.7920083999633789,0.7920083999633789,0.7833333333333333,0.2,0.9833333333333333,0.0,0.7537927627563477,0.8421303749084484,0.6109225749969482,1.0,120
118,V7,v7-auto-dps,15,-13.852923393249512,13.369808197021484,2.6395976543426514,1.2287349700927734,28.85292339324951,27.222731590270996,-1.6301918029785156,1.6301918029785156,0.7333333333333333,0.5666666666666667,0.9333333333333333,0.0,1.1302530765533447,0.0,0.7469231486320496,1.0,120
119,V7,v7-auto-dps,15,-11.630274772644043,13.761434555053711,1.5446279048919678,2.6572937965393066,26.630274772644043,25.391709327697754,-1.238565444946289,1.238565444946289,0.48333333333333334,0.4,0.7666666666666667,0.583709180355072,2.1261487007141113,2.070151138305665,0.34556087851524353,1.0,120
120,V7,v7-auto-dps,15,-8.638128280639648,16.00768280029297,3.172396183013916,1.713042140007019,23.63812828063965,24.645811080932617,1.0076828002929688,1.0076828002929688,0.7416666666666667,1.0,0.95,1.4140959978103638,0.5521408319473267,3.1929964065551775,0.6135947704315186,1.0,120
121,V7,v7-auto-dps,15,-8.880370140075684,15.847546577453613,1.4234038591384888,1.709059476852417,23.880370140075684,24.727916717529297,0.8475465774536133,0.8475465774536133,0.6416666666666667,0.5,0.9916666666666667,0.6833795309066772,0.7490465044975281,2.8383443832397472,0.29585543274879456,1.0,120
122,V7,v7-auto-dps,15,-11.850173950195312,13.670975685119629,2.1971259117126465,0.8369367122650146,26.850173950195312,25.52114963531494,-1.329024314880371,1.329024314880371,0.7833333333333333,1.0,1.0,0.0,0.4053429067134857,0.0,0.3735201954841614,1.0,120
123,V7,v7-auto-dps,15,-9.120840072631836,17.26537322998047,1.8783104419708252,1.8006619215011597,24.120840072631836,26.386213302612305,2.2653732299804688,2.2653732299804688,0.44166666666666665,0.5666666666666667,0.75,1.686022162437439,0.0,4.33957576751709,0.5919378995895386,1.0,120
124,V7,v7-auto-dps,15,-8.617030143737793,14.465069770812988,1.7294954061508179,3.543839931488037,23.617030143737793,23.08209991455078,-0.5349302291870117,0.5349302291870117,0.4166666666666667,0.6333333333333333,0.7666666666666667,0.937248706817627,3.0819432735443115,2.9488672256469743,0.4600178897380829,1.0,120
125,V7,v7-auto-dps,15,-10.254354476928711,15.046995162963867,1.787723183631897,1.6980152130126953,25.25435447692871,25.301349639892578,0.04699516296386719,0.04699516296386719,0.7583333333333333,0.4666666666666667,1.0,0.6243152618408203,1.219533085823059,2.467544555664063,0.07565692067146301,1.0,120
126,V7,v7-auto-dps,15,-11.019949913024902,16.296634674072266,2.013578176498413,1.6977784633636475,26.019949913024902,27.316584587097168,1.2966346740722656,1.2966346740722656,0.5333333333333333,0.1,0.9666666666666667,0.9291978478431702,0.3052755296230316,3.355941009521485,0.49545562267303467,1.0,120
127,V7,v7-auto-dps,15,-10.021326065063477,17.32615852355957,2.288393974304199,2.366807460784912,25.021326065063477,27.347484588623047,2.3261585235595703,2.3261585235595703,0.39166666666666666,0.7333333333333333,0.6916666666666667,2.1563284397125244,0.33172860741615295,5.397550773620606,0.780299186706543,1.0,120
128,V7,v7-auto-dps,15,-13.60488224029541,12.077469825744629,2.0973591804504395,1.8142063617706299,28.60488224029541,25.68235206604004,-2.922530174255371,2.922530174255371,0.25833333333333336,0.13333333333333333,0.6916666666666667,0.0,1.7647639513015747,0.0,-0.062295518815517426,1.0,120
129,V7,v7-auto-dps,15,-8.798535346984863,14.16612720489502,1.5550189018249512,0.9293167591094971,23.798535346984863,22.964662551879883,-0.8338727951049805,0.8338727951049805,0.9,1.0,1.0,0.0,0.7615798115730286,0.29573087692260874,0.7335967421531677,1.0,120
100,V2,v2-dps,15,-9.5153226852417,16.144437789916992,2.2411582469940186,1.7401689291000366,24.5153226852417,25.65976047515869,1.1444377899169922,1.1444377899169922,0.6666666666666666,0.3,0.9166666666666666,1.2410352230072021,0.0,3.75274829864502,-0.13563358783721924,1.0,120
101,V2,v2-dps,15,-11.310606956481934,14.974512100219727,2.162668228149414,0.8072839975357056,26.310606956481934,26.28511905670166,-0.025487899780273438,0.025487899780273438,0.975,1.0,1.0,0.19819386303424835,0.0,1.0443429946899416,0.44130241870880127,1.0,120
102,V2,v2-dps,15,-11.408201217651367,14.6194486618042,1.6568763256072998,0.9330365657806396,26.408201217651367,26.027649879455566,-0.3805513381958008,0.3805513381958008,1.0,1.0,1.0,0.0,0.0,0.9990085601806644,0.07242084294557571,1.0,120
103,V2,v2-dps,15,-12.251850128173828,17.159936904907227,2.209785223007202,1.7258280515670776,27.251850128173828,29.411787033081055,2.1599369049072266,2.1599369049072266,0.35,0.2,0.825,1.2133233547210693,0.0,4.524683952331543,0.6760334372520447,1.0,120
104,V2,v2-dps,15,-8.243475914001465,15.223041534423828,1.8947391510009766,1.4625697135925293,23.243475914001465,23.466517448425293,0.22304153442382812,0.22304153442382812,0.9166666666666666,1.0,0.975,1.383898377418518,0.0,1.5250078201293946,0.05511932820081711,1.0,120
105,V2,v2-dps,15,-8.172719955444336,15.61438274383545,1.4534194469451904,0.8059262037277222,23.172719955444336,23.787102699279785,0.6143827438354492,0.6143827438354492,0.9583333333333334,1.0,1.0,0.08934096992015839,0.0,1.6443040847778323,0.2643330693244934,1.0,120
106,V2,v2-dps,15,-11.72081184387207,14.321046829223633,1.7837785482406616,0.6417728662490845,26.72081184387207,26.041858673095703,-0.6789531707763672,0.6789531707763672,1.0,1.0,1.0,0.0,0.0,0.2616936683654786,0.35332050919532776,1.0,120
107,V2,v2-dps,15,-11.320725440979004,15.560894966125488,2.19465970993042,1.0264488458633423,26.320725440979004,26.881620407104492,0.5608949661254883,0.5608949661254883,0.9166666666666666,0.7666666666666667,1.0,0.19370880722999573,0.0,1.9461894989013675,0.22011630237102509,1.0,120
108,V2,v2-dps,15,-11.359334945678711,15.644468307495117,1.5530219078063965,1.0416615009307861,26.35933494567871,27.003803253173828,0.6444683074951172,0.6444683074951172,0.8833333333333333,1.0,1.0,0.3452032506465912,0.0,2.0831108093261723,0.5608438849449158,1.0,120
109,V2,v2-dps,15,-10.359455108642578,16.080413818359375,1.466519832611084,1.2477003335952759,25.359455108642578,26.439868927001953,1.080413818359375,1.080413818359375,0.725,0.36666666666666664,1.0,0.7021927237510681,0.0,2.7418876647949224,0.6593744158744812,1.0,120
110,V2,v2-dps,15,-11.470827102661133,14.665555953979492,2.7606194019317627,0.8465516567230225,26.470827102661133,26.136383056640625,-0.3344440460205078,0.3344440460205078,0.9916666666666667,1.0,1.0,0.0044612884521484375,0.0,0.7892655372619629,0.08532819151878357,1.0,120
111,V2,v2-dps,15,-14.07544994354248,15.508254051208496,3.101856231689453,1.2829980850219727,29.07544994354248,29.583703994750977,0.5082540512084961,0.5082540512084961,0.8416666666666667,0.6,1.0,0.47581541538238525,0.0,2.23237590789795,0.1994016319513321,1.0,120
112,V2,v2-dps,15,-11.980334281921387,16.46658706665039,2.0736300945281982,2.2883732318878174,26.980334281921387,28.446921348571777,1.4665870666503906,1.4665870666503906,0.6916666666666667,0.5333333333333333,0.9,2.120326280593872,0.0,3.748932456970219,-0.16180239617824554,1.0,120
113,V2,v2-dps,15,-7.056965351104736,15.158308982849121,1.5875900983810425,1.3108983039855957,22.056965351104736,22.215274333953857,0.1583089828491211,0.1583089828491211,0.8583333333333333,1.0,1.0,0.3914481997489929,0.0,2.1901916503906254,0.2888753116130829,1.0,120
114,V2,v2-dps,15,-10.815153121948242,17.16378402709961,1.341271996498108,1.84531831741333,25.815153121948242,27.97893714904785,2.1637840270996094,2.1637840270996094,0.44166666666666665,0.4,0.7916666666666666,1.5591703653335571,0.0,4.3158472061157225,0.7499350309371948,1.0,120
115,V2,v2-dps,15,-10.951715469360352,14.978415489196777,1.3237344026565552,1.0114128589630127,25.95171546936035,25.93013095855713,-0.021584510803222656,0.021584510803222656,0.95,1.0,1.0,0.342257022857666,0.01932525634765625,1.1346818923950197,0.4733310639858246,1.0,120
116,V2,v2-dps,15,-9.352749824523926,14.780973434448242,2.8643791675567627,0.9767981767654419,24.352749824523926,24.133723258972168,-0.2190265655517578,0.2190265655517578,0.9666666666666667,1.0,1.0,0.6087236404418945,0.0,0.811138439178467,0.22280757129192352,1.0,120
117,V2,v2-dps,15,-10.205266952514648,14.339064598083496,1.773041009902954,0.7920585870742798,25.20526695251465,24.544331550598145,-0.6609354019165039,0.6609354019165039,1.0,1.0,1.0,0.0,0.0,0.10841665267944382,-0.2714677155017853,1.0,120
118,V2,v2-dps,15,-13.856443405151367,14.481658935546875,2.639373540878296,0.707266092300415,28.856443405151367,28.338102340698242,-0.518341064453125,0.518341064453125,1.0,1.0,1.0,0.0,0.0,0.31927433013916146,0.4860049784183502,1.0,120
119,V2,v2-dps,15,-11.633600234985352,15.723767280578613,1.547832727432251,1.3668205738067627,26.63360023498535,27.357367515563965,0.7237672805786133,0.7237672805786133,0.8583333333333333,1.0,0.9833333333333333,1.0066912174224854,0.0,2.4371654510498066,0.42391374707221985,1.0,120
120,V2,v2-dps,15,-8.63868522644043,15.720294952392578,3.1738977432250977,1.654749870300293,23.63868522644043,24.358980178833008,0.7202949523925781,0.7202949523925781,0.8166666666666667,0.7333333333333333,0.925,1.5185940265655518,0.0,3.412972640991212,-0.13182830810546875,1.0,120
121,V2,v2-dps,15,-8.862186431884766,16.076143264770508,1.426814079284668,1.349063754081726,23.862186431884766,24.938329696655273,1.0761432647705078,1.0761432647705078,0.7083333333333334,0.5333333333333333,0.9833333333333333,0.677041232585907,0.0936066284775734,2.4974630355834977,0.26152440905570984,1.0,120
122,V2,v2-dps,15,-11.790543556213379,15.142659187316895,2.179924249649048,0.9989894032478333,26.79054355621338,26.933202743530273,0.14265918731689453,0.14265918731689453,1.0,1.0,1.0,0.0,0.0,1.428916358947754,0.41703128814697266,1.0,120
123,V2,v2-dps,15,-9.254656791687012,16.371910095214844,1.9158947467803955,1.504884958267212,24.25465679168701,25.626566886901855,1.3719100952148438,1.3719100952148438,0.6166666666666667,0.5666666666666667,0.975,0.8144622445106506,0.0,3.1420114517211917,0.41589540243148804,1.0,120
124,V2,v2-dps,15,-8.621909141540527,15.111322402954102,1.7315202951431274,1.2055741548538208,23.621909141540527,23.73323154449463,0.11132240295410156,0.11132240295410156,0.875,0.6333333333333333,1.0,0.3834244906902313,0.0,2.1860372543334967,-0.28606098890304565,1.0,120
125,V2,v2-dps,15,-10.255193710327148,14.442789077758789,1.788214087486267,0.8753138780593872,25.25519371032715,24.697982788085938,-0.5572109222412109,0.5572109222412109,0.9833333333333333,1.0,1.0,0.12328720092773438,0.0,0.5646589279174822,-0.46477189660072327,1.0,120
126,V2,v2-dps,15,-11.029291152954102,15.609769821166992,2.0122220516204834,1.3238708972930908,26.0292911529541,26.639060974121094,0.6097698211669922,0.6097698211669922,0.8583333333333333,1.0,1.0,0.642440140247345,0.0,2.361175918579102,0.6933256983757019,1.0,120
127,V2,v2-dps,15,-10.014569282531738,16.327014923095703,2.2891719341278076,1.115169644355774,25.01456928253174,26.34158420562744,1.3270149230957031,1.3270149230957031,0.7583333333333333,1.0,0.9833333333333333,1.0401365756988525,0.0,3.1258567810058597,0.3838438391685486,1.0,120
128,V2,v2-dps,15,-13.627077102661133,14.925690650939941,2.1079115867614746,1.026334524154663,28.627077102661133,28.552767753601074,-0.0743093490600586,0.0743093490600586,0.95,1.0,1.0,0.5857651829719543,0.0,1.3495544433593756,0.17070934176445007,1.0,120
129,V2,v2-dps,15,-8.789791107177734,15.076654434204102,1.556281328201294,0.9760060906410217,23.789791107177734,23.866445541381836,0.07665443420410156,0.07665443420410156,0.975,0.9666666666666667,1.0,0.15454483032226562,0.0,1.5549942016601568,0.5815128684043884,1.0,120
100,V6,v6-closed-loop,15,-9.509923934936523,14.3222017288208,2.2408127784729004,1.1282070875167847,24.509923934936523,23.832125663757324,-0.6777982711791992,0.6777982711791992,0.8833333333333333,1.0,1.0,0.0,0.49141862988471985,0.9535970687866212,-0.010530658066272736,1.0,120
101,V6,v6-closed-loop,15,-11.3145751953125,15.066022872924805,2.164449691772461,0.7829880118370056,26.3145751953125,26.380598068237305,0.06602287292480469,0.06602287292480469,1.0,1.0,1.0,0.0,0.0,1.1152498245239257,0.42783206701278687,1.0,120
102,V6,v6-closed-loop,15,-11.412066459655762,14.496447563171387,1.6569271087646484,1.1835814714431763,26.41206645965576,25.90851402282715,-0.5035524368286133,0.5035524368286133,0.9083333333333333,0.9666666666666667,1.0,0.0,1.1374162435531616,0.8285234451293946,0.6002188920974731,1.0,120
103,V6,v6-closed-loop,15,-12.246829986572266,14.524552345275879,2.20597243309021,1.0524342060089111,27.246829986572266,26.771382331848145,-0.4754476547241211,0.4754476547241211,0.9,1.0,1.0,0.23671436309814453,0.6039737462997437,0.9391720771789551,0.4288041889667511,1.0,120
104,V6,v6-closed-loop,15,-8.232931137084961,13.602397918701172,1.8978309631347656,0.7890096306800842,23.23293113708496,21.835329055786133,-1.3976020812988281,1.3976020812988281,0.7333333333333333,1.0,1.0,0.0,0.3550720810890198,0.0,0.10022806376218796,1.0,120
105,V6,v6-closed-loop,15,-8.148133277893066,15.38898754119873,1.452943205833435,0.6434442400932312,23.148133277893066,23.537120819091797,0.38898754119873047,0.38898754119873047,1.0,1.0,1.0,0.0,0.0,1.1115804672241212,0.2563287913799286,1.0,120
106,V6,v6-closed-loop,15,-11.708453178405762,15.20363998413086,1.7841483354568481,0.7047846913337708,26.70845317840576,26.91209316253662,0.20363998413085938,0.20363998413085938,1.0,1.0,1.0,0.0,0.0,1.122306251525879,0.08142299205064774,1.0,120
107,V6,v6-closed-loop,15,-11.360342979431152,16.189489364624023,2.2331175804138184,1.0061042308807373,26.360342979431152,27.549832344055176,1.1894893646240234,1.1894893646240234,0.775,0.26666666666666666,1.0,0.39776214957237244,0.0,2.430628967285157,0.1718781739473343,1.0,120
108,V6,v6-closed-loop,15,-11.358572006225586,15.764837265014648,1.5522968769073486,0.8342395424842834,26.358572006225586,27.123409271240234,0.7648372650146484,0.7648372650146484,0.9416666666666667,1.0,1.0,0.28648021817207336,0.0,1.859235191345215,0.3772416114807129,1.0,120
109,V6,v6-closed-loop,15,-10.357646942138672,16.007648468017578,1.4712163209915161,1.0340564250946045,25.357646942138672,26.36529541015625,1.0076484680175781,1.0076484680175781,0.8083333333333333,0.43333333333333335,1.0,0.5787770748138428,0.0,2.550882148742676,0.566796600818634,1.0,120
110,V6,v6-closed-loop,15,-11.466458320617676,14.700453758239746,2.7573060989379883,1.0635286569595337,26.466458320617676,26.166912078857422,-0.2995462417602539,0.2995462417602539,0.9166666666666666,1.0,1.0,0.0,0.7648628950119019,0.850039005279541,0.15577064454555511,1.0,120
111,V6,v6-closed-loop,15,-14.125405311584473,15.70111083984375,3.1426737308502197,1.322477102279663,29.125405311584473,29.826516151428223,0.70111083984375,0.70111083984375,0.7583333333333333,0.43333333333333335,1.0,0.5224757194519043,0.33949699997901917,2.4910482406616214,0.31495586037635803,1.0,120
112,V6,v6-closed-loop,15,-11.97553539276123,14.978615760803223,2.0740573406219482,2.4710335731506348,26.97553539276123,26.954151153564453,-0.021384239196777344,0.021384239196777344,0.75,1.0,0.8583333333333333,2.2783966064453125,2.4450531005859375,1.8126352310180671,-0.05644717067480087,1.0,120
113,V6,v6-closed-loop,15,-7.052184104919434,13.641382217407227,1.5944918394088745,0.7837387323379517,22.052184104919434,20.69356632232666,-1.3586177825927734,1.3586177825927734,0.75,0.7666666666666667,1.0,0.0,0.2828545570373535,0.0,0.03832683712244034,1.0,120
114,V6,v6-closed-loop,15,-10.80978012084961,14.64996337890625,1.3407703638076782,1.2730331420898438,25.80978012084961,25.45974349975586,-0.35003662109375,0.35003662109375,0.8666666666666667,1.0,1.0,0.0,1.0394569635391235,1.0540908813476564,0.462479829788208,1.0,120
115,V6,v6-closed-loop,15,-10.961590766906738,14.022708892822266,1.331599473953247,0.6052320003509521,25.96159076690674,24.984299659729004,-0.9772911071777344,0.9772911071777344,0.975,1.0,1.0,0.0,0.042041778564453125,0.0,0.3402232527732849,1.0,120
116,V6,v6-closed-loop,15,-9.364981651306152,15.342875480651855,2.8619565963745117,1.0388530492782593,24.364981651306152,24.707857131958008,0.34287548065185547,0.34287548065185547,0.9333333333333333,1.0,1.0,0.6988837122917175,0.1098928451538086,1.4780155181884767,0.397823691368103,1.0,120
117,V6,v6-closed-loop,15,-10.200104713439941,15.086725234985352,1.7720000743865967,0.7887712717056274,25.20010471343994,25.286829948425293,0.08672523498535156,0.08672523498535156,0.9583333333333334,1.0,1.0,0.4761955142021179,0.0,0.8638137817382814,0.08207980543375015,1.0,120
118,V6,v6-closed-loop,15,-13.857138633728027,13.83730411529541,2.6415979862213135,0.9861978888511658,28.857138633728027,27.694442749023438,-1.1626958847045898,1.1626958847045898,0.8333333333333334,1.0,1.0,0.0,0.8866344690322876,0.0,0.5149033665657043,1.0,120
119,V6,v6-closed-loop,15,-11.631967544555664,15.273067474365234,1.5472782850265503,1.3205814361572266,26.631967544555664,26.9050350189209,0.2730674743652344,0.2730674743652344,0.8916666666666667,0.9,1.0,0.6579301953315735,0.055192310363054276,1.8542528152465825,0.5151559710502625,1.0,120
120,V6,v6-closed-loop,15,-8.646492958068848,14.92640495300293,3.1760661602020264,1.4498428106307983,23.646492958068848,23.572897911071777,-0.07359504699707031,0.07359504699707031,0.8416666666666667,0.9333333333333333,1.0,0.8575884103775024,0.6067138314247131,1.9204082489013674,0.07834857702255249,1.0,120
121,V6,v6-closed-loop,15,-8.875396728515625,15.859517097473145,1.4245299100875854,1.6026300191879272,23.875396728515625,24.73491382598877,0.8595170974731445,0.8595170974731445,0.6333333333333333,0.3333333333333333,1.0,0.5287436842918396,0.9651628732681274,2.503409576416016,0.42717453837394714,1.0,120
122,V6,v6-closed-loop,15,-11.8661470413208,13.402047157287598,2.2009427547454834,0.612445592880249,26.8661470413208,25.2681941986084,-1.5979528427124023,1.5979528427124023,0.8,1.0,1.0,0.0,0.600691020488739,0.0,0.3477672040462494,1.0,120
123,V6,v6-closed-loop,15,-9.119975090026855,15.85853099822998,1.8907063007354736,1.4893368482589722,24.119975090026855,24.978506088256836,0.8585309982299805,0.8585309982299805,0.6416666666666667,0.5,1.0,0.40107160806655884,0.48021388053894043,2.4860763549804688,0.5531718134880066,1.0,120
124,V6,v6-closed-loop,15,-8.622448921203613,15.240538597106934,1.7319670915603638,1.358497977256775,23.622448921203613,23.862987518310547,0.2405385971069336,0.2405385971069336,0.8333333333333334,0.5,1.0,0.5080274343490601,0.0,2.3860935211181644,-0.3638431131839752,1.0,120
125,V6,v6-closed-loop,15,-10.25983715057373,13.882535934448242,1.787002682685852,0.6501713395118713,25.25983715057373,24.142373085021973,-1.1174640655517578,1.1174640655517578,0.95,0.8666666666666667,1.0,0.0,0.06557957082986832,0.0,-0.5254106521606445,1.0,120
126,V6,v6-closed-loop,15,-11.033129692077637,15.146142959594727,2.014343738555908,1.1128782033920288,26.033129692077637,26.179272651672363,0.14614295959472656,0.14614295959472656,0.9166666666666666,1.0,1.0,0.35085487365722656,0.10995044559240341,1.5013509750366225,0.6554214954376221,1.0,120
127,V6,v6-closed-loop,15,-10.019464492797852,15.377262115478516,2.290140390396118,0.6396588683128357,25.01946449279785,25.396726608276367,0.3772621154785156,0.3772621154785156,0.9833333333333333,1.0,1.0,0.004895210266113281,0.0,1.2018411636352546,0.03762621432542801,1.0,120
128,V6,v6-closed-loop,15,-13.600757598876953,15.134709358215332,2.1054999828338623,0.9696103930473328,28.600757598876953,28.735466957092285,0.13470935821533203,0.13470935821533203,0.9416666666666667,1.0,1.0,0.5699012875556946,0.042153358459472656,1.3142963409423831,0.2739783227443695,1.0,120
129,V6,v6-closed-loop,15,-8.792222023010254,15.730790138244629,1.557050108909607,0.8961451649665833,23.792222023010254,24.523012161254883,0.7307901382446289,0.7307901382446289,0.8916666666666667,0.7,1.0,0.3402937352657318,0.0,2.0339622497558594,0.6425312757492065,1.0,120
100,V7,v7-auto-dps,20,-9.507379531860352,16.6512393951416,2.2438807487487793,0.7740728855133057,29.50737953186035,26.158618927001953,-3.3487606048583984,3.3487606048583984,0.058333333333333334,0.03333333333333333,0.8166666666666667,0.0,1.448946475982666,0.0,-0.08583393692970276,1.0,120
101,V7,v7-auto-dps,20,-11.313979148864746,17.41023063659668,2.155499219894409,2.4673655033111572,31.313979148864746,28.724209785461426,-2.5897693634033203,2.5897693634033203,0.475,0.5666666666666667,0.7583333333333333,0.0,2.386533498764038,0.18290004730224624,0.8153343200683594,1.0,120
102,V7,v7-auto-dps,20,-11.409673690795898,19.285802841186523,1.6574472188949585,1.6760311126708984,31.4096736907959,30.695476531982422,-0.7141971588134766,0.7141971588134766,0.7333333333333333,0.7666666666666667,0.9416666666666667,0.35684332251548767,1.073205590248108,1.0921709060668956,0.8757234811782837,1.0,120
103,V7,v7-auto-dps,20,-12.244333267211914,20.857454299926758,2.2069640159606934,2.888932466506958,32.244333267211914,33.10178756713867,0.8574542999267578,0.8574542999267578,0.275,0.3333333333333333,0.825,1.4221851825714111,1.2194982767105103,4.41015911102295,0.8772892951965332,1.0,120
104,V7,v7-auto-dps,20,-8.216329574584961,16.471080780029297,1.8927044868469238,0.6228040456771851,28.21632957458496,24.687410354614258,-3.528919219970703,3.528919219970703,0.0,0.0,0.75,0.0,1.5289194583892822,0.0,0.49256429076194763,1.0,120
105,V7,v7-auto-dps,20,-8.169889450073242,19.892892837524414,1.4537914991378784,1.2640186548233032,28.169889450073242,28.062782287597656,-0.10710716247558594,0.10710716247558594,0.9166666666666666,1.0,1.0,0.9410980343818665,0.0,1.6199134826660155,-0.16317376494407654,1.0,120
106,V7,v7-auto-dps,20,-11.706067085266113,16.332080841064453,1.7839998006820679,0.7718586325645447,31.706067085266113,28.038147926330566,-3.667919158935547,3.667919158935547,0.0,0.0,0.6833333333333333,0.0,1.6679190397262573,0.0,0.3975655734539032,1.0,120
107,V7,v7-auto-dps,20,-11.37172794342041,18.65399932861328,2.246037006378174,1.1256035566329956,31.37172794342041,30.02572727203369,-1.3460006713867188,1.3460006713867188,0.8083333333333333,1.0,0.9416666666666667,0.0,1.2448997497558594,0.0,0.5469488501548767,1.0,120
108,V7,v7-auto-dps,20,-11.35800552368164,17.409976959228516,1.552425742149353,1.0986263751983643,31.35800552368164,28.767982482910156,-2.5900230407714844,2.5900230407714844,0.325,0.6,0.8916666666666667,0.0,1.1822940111160278,0.0,0.604975700378418,1.0,120
109,V7,v7-auto-dps,20,-10.360559463500977,17.500431060791016,1.4684759378433228,1.1391769647598267,30.360559463500977,27.860990524291992,-2.4995689392089844,2.4995689392089844,0.3416666666666667,0.5666666666666667,0.9416666666666667,0.0,1.1609184741973877,0.0,0.46068117022514343,1.0,120
110,V7,v7-auto-dps,20,-11.46078109741211,19.89252471923828,2.758944034576416,0.8645302057266235,31.46078109741211,31.35330581665039,-0.10747528076171875,0.10747528076171875,0.9833333333333333,1.0,1.0,0.0,0.023880958557128906,1.055962753295899,0.5394986271858215,1.0,120
111,V7,v7-auto-dps,20,-14.111435890197754,15.227450370788574,3.1237854957580566,0.8344544172286987,34.111435890197754,29.338886260986328,-4.772549629211426,4.772549629211426,0.0,0.0,0.21666666666666667,0.0,2.7725491523742676,0.0,0.21298663318157196,1.0,120
112,V7,v7-auto-dps,20,-11.969507217407227,19.94211769104004,2.07426381111145,0.6438762545585632,31.969507217407227,31.911624908447266,-0.05788230895996094,0.05788230895996094,1.0,1.0,1.0,0.0,0.0,0.8843154907226564,0.4845597743988037,1.0,120
113,V7,v7-auto-dps,20,-7.0577473640441895,17.46910285949707,1.586249828338623,0.885942280292511,27.05774736404419,24.52685022354126,-2.5308971405029297,2.5308971405029297,0.3333333333333333,0.0,0.95,0.0,1.0352118015289307,0.0,0.2679918110370636,1.0,120
114,V7,v7-auto-dps,20,-10.804433822631836,18.02231788635254,1.3395594358444214,1.4460963010787964,30.804433822631836,28.826751708984375,-1.977682113647461,1.977682113647461,0.5333333333333333,0.43333333333333335,0.8833333333333333,0.0,1.2737969160079956,0.0,0.7347074747085571,1.0,120
115,V7,v7-auto-dps,20,-10.94509506225586,18.0592041015625,1.3245482444763184,1.4367129802703857,30.94509506225586,29.00429916381836,-1.9407958984375,1.9407958984375,0.38333333333333336,0.23333333333333334,0.9416666666666667,0.0,0.8143266439437866,0.7230516433715823,0.45124948024749756,1.0,120
116,V7,v7-auto-dps,20,-9.354047775268555,17.187313079833984,2.8636300563812256,2.0794777870178223,29.354047775268555,26.54136085510254,-2.8126869201660156,2.8126869201660156,0.45,0.6333333333333333,0.725,0.0,2.182713508605957,0.0,0.49015673995018005,1.0,120
117,V7,v7-auto-dps,20,-10.204843521118164,17.811342239379883,1.7714110612869263,1.5830844640731812,30.204843521118164,28.016185760498047,-2.188657760620117,2.188657760620117,0.4583333333333333,0.0,0.875,0.0,1.418748140335083,0.0,0.5838116407394409,1.0,120
118,V7,v7-auto-dps,20,-13.852734565734863,19.930843353271484,2.6385488510131836,1.115916132926941,33.85273456573486,33.78357791900635,-0.06915664672851562,0.06915664672851562,0.9083333333333333,0.9333333333333333,1.0,0.15534591674804688,0.6152634620666504,1.4719264984130869,0.7042163610458374,1.0,120
119,V7,v7-auto-dps,20,-11.630102157592773,17.343351364135742,1.5463697910308838,2.4914638996124268,31.630102157592773,28.973453521728516,-2.656648635864258,2.656648635864258,0.45,0.6333333333333333,0.675,0.0,2.5474488735198975,0.4626914978027354,0.34515923261642456,1.0,120
120,V7,v7-auto-dps,20,-8.650140762329102,19.149993896484375,3.1649768352508545,1.7920597791671753,28.6501407623291,27.800134658813477,-0.850006103515625,0.850006103515625,0.65,0.7666666666666667,0.9583333333333334,0.8931707739830017,0.9304140210151672,1.5061613082885756,0.6074888110160828,1.0,120
121,V7,v7-auto-dps,20,-8.881272315979004,18.85201072692871,1.4240487813949585,1.6883236169815063,28.881272315979004,27.733283042907715,-1.147989273071289,1.147989273071289,0.725,1.0,0.9083333333333333,0.0,1.5266029834747314,0.6438364028930665,0.3780245780944824,1.0,120
122,V7,v7-auto-dps,20,-11.859375953674316,19.67498207092285,2.200169086456299,0.9869324564933777,31.859375953674316,31.534358024597168,-0.32501792907714844,0.32501792907714844,0.95,1.0,1.0,0.0,0.486926406621933,1.0933536529541017,0.3698617219924927,1.0,120
123,V7,v7-auto-dps,20,-9.18120002746582,20.186067581176758,1.9103176593780518,2.0631275177001953,29.18120002746582,29.367267608642578,0.1860675811767578,0.1860675811767578,0.5083333333333333,0.7666666666666667,1.0,0.5447299480438232,0.7640085816383362,2.5703193664550783,0.6239821314811707,1.0,120
124,V7,v7-auto-dps,20,-8.62336254119873,19.28980255126953,1.7310632467269897,4.156267166137695,28.62336254119873,27.91316509246826,-0.7101974487304688,0.7101974487304688,0.325,0.7333333333333333,0.65,1.195474624633789,3.803112506866455,3.4500278472900408,0.5393222570419312,1.0,120
125,V7,v7-auto-dps,20,-10.273889541625977,17.681184768676758,1.7850925922393799,1.544823169708252,30.273889541625977,27.955074310302734,-2.318815231323242,2.318815231323242,0.425,0.7333333333333333,0.8583333333333333,0.0,1.3865058422088623,0.0,0.16127772629261017,1.0,120
126,V7,v7-auto-dps,20,-11.02960205078125,19.448827743530273,2.0144996643066406,1.527152180671692,31.02960205078125,30.478429794311523,-0.5511722564697266,0.5511722564697266,0.7833333333333333,1.0,1.0,0.13655757904052734,0.7894892692565918,1.5607252120971682,0.5038313269615173,1.0,120
127,V7,v7-auto-dps,20,-9.971434593200684,20.92435646057129,2.26773738861084,2.602011203765869,29.971434593200684,30.895791053771973,0.9243564605712891,0.9243564605712891,0.44166666666666665,0.5,0.7916666666666666,1.6356561183929443,0.9425419569015503,4.38193359375,0.7873860597610474,1.0,120
128,V7,v7-auto-dps,20,-13.633516311645508,16.430341720581055,2.108264684677124,1.5346683263778687,33.63351631164551,30.063858032226562,-3.5696582794189453,3.5696582794189453,0.14166666666666666,0.0,0.55,0.0,2.0671911239624023,0.0,-0.06833334267139435,1.0,120
129,V7,v7-auto-dps,20,-8.790570259094238,17.198442459106445,1.5566219091415405,1.0387330055236816,28.79057025909424,25.989012718200684,-2.8015575408935547,2.8015575408935547,0.20833333333333334,0.0,0.9,0.0,1.1828408241271973,0.0,0.6584390997886658,1.0,120
100,V2,v2-dps,20,-9.505600929260254,20.450048446655273,2.240405559539795,1.5960099697113037,29.505600929260254,29.955649375915527,0.45004844665527344,0.45004844665527344,0.8083333333333333,0.5333333333333333,1.0,0.9372214674949646,0.0,2.9953857421875,-0.14081501960754395,1.0,120
101,V2,v2-dps,20,-11.317452430725098,19.710811614990234,2.1679203510284424,0.7037313580513,31.317452430725098,31.028264045715332,-0.2891883850097656,0.2891883850097656,1.0,1.0,1.0,0.0,0.0,0.6495727539062504,0.43234536051750183,1.0,120
102,V2,v2-dps,20,-11.411717414855957,19.771852493286133,1.6562360525131226,0.5503152012825012,31.411717414855957,31.18356990814209,-0.2281475067138672,0.2281475067138672,1.0,1.0,1.0,0.0,0.0,0.4215789794921877,0.26514530181884766,1.0,120
103,V2,v2-dps,20,-12.249560356140137,21.202741622924805,2.207059621810913,1.2374217510223389,32.24956035614014,33.45230197906494,1.2027416229248047,1.2027416229248047,0.8083333333333333,1.0,0.9833333333333333,1.2163006067276,0.0,3.1295568466186534,0.5404146909713745,1.0,120
104,V2,v2-dps,20,-8.251495361328125,19.623106002807617,1.897140622138977,1.2048372030258179,28.251495361328125,27.874601364135742,-0.3768939971923828,0.3768939971923828,0.9416666666666667,1.0,1.0,1.0572534799575806,0.0,0.6810850143432617,-0.041746146976947784,1.0,120
105,V2,v2-dps,20,-8.166004180908203,19.6109619140625,1.4528759717941284,0.6781710982322693,28.166004180908203,27.776966094970703,-0.3890380859375,0.3890380859375,1.0,1.0,1.0,0.0,0.0,0.572672462463379,0.03319690003991127,1.0,120
106,V2,v2-dps,20,-11.713769912719727,18.962305068969727,1.7832727432250977,0.5307862758636475,31.713769912719727,30.676074981689453,-1.0376949310302734,1.0376949310302734,1.0,1.0,1.0,0.0,0.0,0.0,0.3260720372200012,1.0,120
107,V2,v2-dps,20,-11.321124076843262,19.93014907836914,2.1939144134521484,0.7746720910072327,31.32112407684326,31.251273155212402,-0.06985092163085938,0.06985092163085938,1.0,1.0,1.0,0.0,0.0,1.016147994995117,0.22571395337581635,1.0,120
108,V2,v2-dps,20,-11.359766006469727,19.57469940185547,1.5539395809173584,0.7023090720176697,31.359766006469727,30.934465408325195,-0.42530059814453125,0.42530059814453125,1.0,1.0,1.0,0.0,0.0,0.8754487991333009,0.187700092792511,1.0,120
109,V2,v2-dps,20,-10.359297752380371,20.07090187072754,1.464119553565979,1.0426024198532104,30.35929775238037,30.43019962310791,0.07090187072753906,0.07090187072753906,0.9583333333333334,0.8333333333333334,1.0,0.06919898837804794,0.0,1.467768287658692,0.608681857585907,1.0,120
110,V2,v2-dps,20,-11.474369049072266,19.437952041625977,2.7588324546813965,0.7136756181716919,31.474369049072266,30.912321090698242,-0.5620479583740234,0.5620479583740234,1.0,1.0,1.0,0.0,0.0,0.39238319396972704,0.2690027952194214,1.0,120
111,V2,v2-dps,20,-14.115246772766113,19.969388961791992,3.12833309173584,0.7578365802764893,34.11524677276611,34.084635734558105,-0.030611038208007812,0.030611038208007812,0.9833333333333333,1.0,1.0,0.21616077423095703,0.0,0.9808784484863283,-0.04452110454440117,1.0,120
112,V2,v2-dps,20,-11.970112800598145,20.58598518371582,2.074730157852173,2.171881914138794,31.970112800598145,32.556097984313965,0.5859851837158203,0.5859851837158203,0.8333333333333334,0.9666666666666667,0.9166666666666666,2.476125478744507,0.0,2.9074928283691444,-0.20280517637729645,1.0,120
113,V2,v2-dps,20,-7.062127590179443,19.52832794189453,1.588762879371643,1.1992719173431396,27.062127590179443,26.590455532073975,-0.47167205810546875,0.47167205810546875,0.95,1.0,1.0,0.13036957383155823,0.013231277465820312,1.7612003326416017,0.25348174571990967,1.0,120
114,V2,v2-dps,20,-10.818609237670898,21.384462356567383,1.3405882120132446,1.541398525238037,30.8186092376709,32.20307159423828,1.3844623565673828,1.3844623565673828,0.6166666666666667,0.5333333333333333,1.0,1.0224742889404297,0.0,3.4361013412475585,0.7473591566085815,1.0,120
115,V2,v2-dps,20,-10.94485092163086,19.413190841674805,1.32500159740448,0.8285875916481018,30.94485092163086,30.358041763305664,-0.5868091583251953,0.5868091583251953,1.0,1.0,1.0,0.0,0.0,0.3507802963256844,0.2819903790950775,1.0,120
116,V2,v2-dps,20,-9.3626127243042,19.652681350708008,2.861943244934082,0.8291745185852051,29.3626127243042,29.015294075012207,-0.3473186492919922,0.3473186492919922,0.9666666666666667,1.0,1.0,0.25791120529174805,0.0,0.5631837844848636,-0.12227962911128998,1.0,120
117,V2,v2-dps,20,-10.205202102661133,19.71938133239746,1.7722349166870117,0.8521026968955994,30.205202102661133,29.924583435058594,-0.28061866760253906,0.28061866760253906,1.0,1.0,1.0,0.0,0.0,0.6918493270874024,0.0647650808095932,1.0,120
118,V2,v2-dps,20,-13.852152824401855,19.710025787353516,2.639491558074951,0.8011787533760071,33.852152824401855,33.56217861175537,-0.2899742126464844,0.2899742126464844,1.0,1.0,1.0,0.0,0.0,0.787150573730469,0.0660870298743248,1.0,120
119,V2,v2-dps,20,-11.634093284606934,19.925670623779297,1.5475184917449951,1.1017487049102783,31.634093284606934,31.55976390838623,-0.07432937622070312,0.07432937622070312,0.95,1.0,1.0,0.6262909770011902,0.0,1.3440338134765628,0.2620794475078583,1.0,120
120,V2,v2-dps,20,-8.646943092346191,20.338035583496094,3.175762414932251,1.5230666399002075,28.64694309234619,28.984978675842285,0.33803558349609375,0.33803558349609375,0.8333333333333334,0.7666666666666667,0.9583333333333334,1.2691280841827393,0.0,2.8661066055297866,-0.20208914577960968,1.0,120
121,V2,v2-dps,20,-8.840962409973145,20.166303634643555,1.4293769598007202,1.088761329650879,28.840962409973145,29.0072660446167,0.1663036346435547,0.1663036346435547,0.9416666666666667,1.0,1.0,0.4807502329349518,0.0,1.5124305725097658,0.053612854331731796,1.0,120
122,V2,v2-dps,20,-11.860310554504395,19.419889450073242,2.1958227157592773,0.6570830345153809,31.860310554504395,31.280200004577637,-0.5801105499267578,0.5801105499267578,1.0,1.0,1.0,0.0,0.0,0.3132802963256837,0.32046806812286377,1.0,120
123,V2,v2-dps,20,-9.28106689453125,20.2325439453125,1.9293659925460815,1.2053288221359253,29.28106689453125,29.51361083984375,0.2325439453125,0.2325439453125,0.9166666666666666,1.0,1.0,0.5392282009124756,0.07145881652832031,1.881860733032227,0.2147764414548874,1.0,120
124,V2,v2-dps,20,-8.622005462646484,19.492097854614258,1.7316021919250488,1.00667142868042,28.622005462646484,28.114103317260742,-0.5079021453857422,0.5079021453857422,1.0,1.0,1.0,0.0,0.0,1.161942100524903,-0.17245784401893616,1.0,120
125,V2,v2-dps,20,-10.259942054748535,20.735942840576172,1.786420464515686,0.624316394329071,30.259942054748535,30.995884895324707,0.7359428405761719,0.7359428405761719,0.9416666666666667,1.0,1.0,0.5340777635574341,0.0,1.346393966674806,-0.32822009921073914,1.0,120
126,V2,v2-dps,20,-11.024067878723145,19.57320213317871,2.0132243633270264,0.9408783912658691,31.024067878723145,30.597270011901855,-0.42679786682128906,0.42679786682128906,1.0,1.0,1.0,0.0,0.0,0.9669792175292968,0.34727051854133606,1.0,120
127,V2,v2-dps,20,-10.020865440368652,19.848005294799805,2.2862966060638428,1.1087892055511475,30.020865440368652,29.868870735168457,-0.1519947052001953,0.1519947052001953,0.9083333333333333,0.9666666666666667,1.0,0.2452816367149353,0.08599472045898438,1.7121143341064455,0.3694843053817749,1.0,120
128,V2,v2-dps,20,-13.605509757995605,19.281211853027344,2.099303960800171,0.8636224269866943,33.605509757995605,32.88672161102295,-0.7187881469726562,0.7187881469726562,0.9916666666666667,1.0,1.0,0.2049846649169922,0.0,0.5162631988525399,-0.09380343556404114,1.0,120
129,V2,v2-dps,20,-8.802777290344238,19.4512939453125,1.5546592473983765,0.8270134329795837,28.80277729034424,28.25407123565674,-0.5487060546875,0.5487060546875,1.0,1.0,1.0,0.0,0.0,0.8450782775878909,0.5391091704368591,1.0,120
100,V6,v6-closed-loop,20,-9.510052680969238,18.271337509155273,2.2420742511749268,0.9722467064857483,29.51005268096924,27.78139019012451,-1.7286624908447266,1.7286624908447266,0.5833333333333334,1.0,1.0,0.0,0.6966906189918518,0.0,0.013865897431969643,1.0,120
101,V6,v6-closed-loop,20,-11.319366455078125,18.916831970214844,2.1665756702423096,0.8232041597366333,31.319366455078125,30.23619842529297,-1.0831680297851562,1.0831680297851562,0.825,1.0,1.0,0.0,0.4163304269313812,0.00039329528808597103,0.46280187368392944,1.0,120
102,V6,v6-closed-loop,20,-11.406973838806152,18.841318130493164,1.656176209449768,1.0083154439926147,31.406973838806152,30.248291969299316,-1.158681869506836,1.158681869506836,0.8416666666666667,0.9666666666666667,1.0,0.0,0.9234641194343567,0.0,0.6168782114982605,1.0,120
103,V6,v6-closed-loop,20,-12.250454902648926,18.815229415893555,2.208040952682495,0.9199525117874146,32.250454902648926,31.06568431854248,-1.1847705841064453,1.1847705841064453,0.825,1.0,1.0,0.0,0.5496106147766113,0.12589893341064462,0.4128883481025696,1.0,120
104,V6,v6-closed-loop,20,-8.227640151977539,17.4945125579834,1.8956193923950195,0.6696307063102722,28.22764015197754,25.722152709960938,-2.5054874420166016,2.5054874420166016,0.20833333333333334,0.3,1.0,0.0,0.7583437561988831,0.0,0.07084941864013672,1.0,120
105,V6,v6-closed-loop,20,-8.172856330871582,18.771461486816406,1.4535088539123535,0.6230815649032593,28.172856330871582,26.94431781768799,-1.2285385131835938,1.2285385131835938,0.8666666666666667,1.0,1.0,0.0,0.33274102210998535,0.0,0.24904760718345642,1.0,120
106,V6,v6-closed-loop,20,-11.71451187133789,19.634729385375977,1.7832804918289185,0.7384145259857178,31.71451187133789,31.349241256713867,-0.36527061462402344,0.36527061462402344,0.95,1.0,1.0,0.0,0.12008126825094223,0.5734039306640627,0.11298981308937073,1.0,120
107,V6,v6-closed-loop,20,-11.362890243530273,19.62384605407715,2.2443366050720215,1.0209519863128662,31.362890243530273,30.986736297607422,-0.37615394592285156,0.37615394592285156,0.9416666666666667,1.0,1.0,0.0,0.5999121069908142,0.7928651809692385,0.1429244577884674,1.0,120
108,V6,v6-closed-loop,20,-11.358991622924805,19.247718811035156,1.5525517463684082,0.784751832485199,31.358991622924805,30.60671043395996,-0.7522811889648438,0.7522811889648438,0.9416666666666667,1.0,1.0,0.0,0.7686939239501953,0.17198448181152348,0.44928234815597534,1.0,120
109,V6,v6-closed-loop,20,-10.361654281616211,19.795732498168945,1.4693316221237183,1.0105340480804443,30.36165428161621,30.157386779785156,-0.2042675018310547,0.2042675018310547,0.9666666666666667,1.0,1.0,0.0,0.08841896057128906,1.2345300674438477,0.5874626040458679,1.0,120
110,V6,v6-closed-loop,20,-11.471559524536133,18.918542861938477,2.7576687335968018,0.9938335418701172,31.471559524536133,30.39010238647461,-1.0814571380615234,1.0814571380615234,0.8583333333333333,1.0,1.0,0.0,1.0298395156860352,0.0,0.13784633576869965,1.0,120
111,V6,v6-closed-loop,20,-14.111884117126465,19.529943466186523,3.1291751861572266,1.0259623527526855,34.111884117126465,33.64182758331299,-0.47005653381347656,0.47005653381347656,0.925,1.0,1.0,0.0,0.7049410343170166,0.8154260635375984,0.27345287799835205,1.0,120
112,V6,v6-closed-loop,20,-11.967000007629395,19.311946868896484,2.0751771926879883,2.3058152198791504,31.967000007629395,31.27894687652588,-0.6880531311035156,0.6880531311035156,0.7583333333333333,1.0,0.8666666666666667,1.4977452754974365,2.8044817447662354,0.9730998992919926,-0.05313599854707718,1.0,120
113,V6,v6-closed-loop,20,-7.059822082519531,17.81140899658203,1.591224193572998,0.7633280158042908,27.05982208251953,24.871231079101562,-2.1885910034179688,2.1885910034179688,0.375,0.43333333333333335,1.0,0.0,0.6660813689231873,0.0,0.0021047196350991726,1.0,120
114,V6,v6-closed-loop,20,-10.810739517211914,18.60430145263672,1.340004324913025,1.1152682304382324,30.810739517211914,29.415040969848633,-1.3956985473632812,1.3956985473632812,0.7833333333333333,1.0,0.9583333333333334,0.0,1.1359903812408447,0.0,0.497894287109375,1.0,120
115,V6,v6-closed-loop,20,-10.947043418884277,17.523029327392578,1.3255038261413574,0.667448878288269,30.947043418884277,28.470072746276855,-2.476970672607422,2.476970672607422,0.225,0.1,1.0,0.0,0.7286503314971924,0.0,0.3240888714790344,1.0,120
116,V6,v6-closed-loop,20,-9.360790252685547,19.704486846923828,2.861053943634033,1.0255471467971802,29.360790252685547,29.065277099609375,-0.2955131530761719,0.2955131530761719,0.925,1.0,1.0,0.17702198028564453,0.5019991993904114,0.8608575820922854,0.36064520478248596,1.0,120
117,V6,v6-closed-loop,20,-10.202238082885742,18.964664459228516,1.7716076374053955,0.7338695526123047,30.202238082885742,29.166902542114258,-1.0353355407714844,1.0353355407714844,0.9333333333333333,1.0,1.0,0.0,0.47413110733032227,0.0,0.11924191564321518,1.0,120
118,V6,v6-closed-loop,20,-13.858439445495605,18.88087272644043,2.6403677463531494,1.0379743576049805,33.858439445495605,32.739312171936035,-1.1191272735595703,1.1191272735595703,0.825,1.0,1.0,0.0,0.8255297541618347,0.04556560516357427,0.49449869990348816,1.0,120
119,V6,v6-closed-loop,20,-11.640562057495117,19.517704010009766,1.5479365587234497,1.2102656364440918,31.640562057495117,31.158266067504883,-0.4822959899902344,0.4822959899902344,0.8083333333333333,0.5,1.0,0.26453399658203125,0.3994280993938446,0.9787866592407227,0.5534296035766602,1.0,120
120,V6,v6-closed-loop,20,-8.651925086975098,18.78851318359375,3.1748130321502686,1.2892860174179077,28.651925086975098,27.440438270568848,-1.21148681640625,1.21148681640625,0.7333333333333333,0.9666666666666667,1.0,0.0,0.822466254234314,0.34060344696045,0.06895310431718826,1.0,120
121,V6,v6-closed-loop,20,-8.85995864868164,20.945247650146484,1.4240235090255737,1.4791393280029297,28.85995864868164,29.805206298828125,0.9452476501464844,0.9452476501464844,0.625,0.3333333333333333,1.0,0.3864491283893585,0.7483876347541809,2.3383575439453126,0.5097392201423645,1.0,120
122,V6,v6-closed-loop,20,-11.82467269897461,16.755094528198242,2.185424566268921,0.6285345554351807,31.82467269897461,28.57976722717285,-3.244905471801758,3.244905471801758,0.0,0.0,0.8583333333333333,0.0,1.244905948638916,0.0,0.3332880139350891,1.0,120
123,V6,v6-closed-loop,20,-9.14763355255127,19.941654205322266,1.898294448852539,1.3137341737747192,29.14763355255127,29.089287757873535,-0.058345794677734375,0.058345794677734375,0.875,1.0,1.0,0.0,0.9003761410713196,1.2764907836914066,0.48207345604896545,1.0,120
124,V6,v6-closed-loop,20,-8.622788429260254,19.436185836791992,1.7314468622207642,1.2924184799194336,28.622788429260254,28.058974266052246,-0.5638141632080078,0.5638141632080078,0.8083333333333333,0.8666666666666667,1.0,0.07626962661743164,0.22493182122707367,1.4544729232788087,-0.3460428714752197,1.0,120
125,V6,v6-closed-loop,20,-10.258451461791992,16.850698471069336,1.7872658967971802,0.7356740236282349,30.258451461791992,27.109149932861328,-3.149301528930664,3.149301528930664,0.058333333333333334,0.0,0.8083333333333333,0.0,1.2521229982376099,0.0,-0.5144484043121338,1.0,120
126,V6,v6-closed-loop,20,-11.028080940246582,19.275365829467773,2.0143415927886963,1.019382119178772,31.028080940246582,30.303446769714355,-0.7246341705322266,0.7246341705322266,0.85,0.9666666666666667,1.0,0.0,0.4920269548892975,0.5314090728759778,0.6874892115592957,1.0,120
127,V6,v6-closed-loop,20,-10.013763427734375,19.077234268188477,2.292128086090088,0.6317577362060547,30.013763427734375,29.09099769592285,-0.9227657318115234,0.9227657318115234,0.925,1.0,1.0,0.0,0.12711101770401,0.0,-0.09103576838970184,1.0,120
128,V6,v6-closed-loop,20,-13.599578857421875,19.471668243408203,2.101602554321289,0.7807459831237793,33.599578857421875,33.07124710083008,-0.5283317565917969,0.5283317565917969,0.975,1.0,1.0,0.0,0.1895039826631546,0.4469738006591799,0.32930541038513184,1.0,120
129,V6,v6-closed-loop,20,-8.771703720092773,19.29282569885254,1.565103530883789,0.7905574440956116,28.771703720092773,28.064529418945312,-0.7071743011474609,0.7071743011474609,0.9583333333333334,1.0,1.0,0.0,0.3573795258998871,0.410470581054688,0.6182493567466736,1.0,120
100,V7,v7-auto-dps,25,-9.50802993774414,24.99475860595703,2.2432100772857666,0.9959563612937927,34.50802993774414,34.50278854370117,-0.00524139404296875,0.00524139404296875,0.9333333333333333,1.0,1.0,0.16428565979003906,0.4151477813720703,1.1680042266845705,-0.01910596713423729,1.0,120
101,V7,v7-auto-dps,25,-11.311198234558105,21.89757537841797,2.1663928031921387,2.3869450092315674,36.311198234558105,33.208773612976074,-3.1024246215820312,3.1024246215820312,0.375,0.5333333333333333,0.6833333333333333,0.0,2.4364237785339355,0.0,0.8390458226203918,1.0,120
102,V7,v7-auto-dps,25,-11.408158302307129,22.274234771728516,1.6564840078353882,1.5307972431182861,36.40815830230713,33.682393074035645,-2.7257652282714844,2.7257652282714844,0.38333333333333336,0.5333333333333333,0.7833333333333333,0.0,1.655268669128418,0.0,0.8873597383499146,1.0,120
103,V7,v7-auto-dps,25,-12.251300811767578,23.865955352783203,2.208826780319214,3.1601407527923584,37.25130081176758,36.11725616455078,-1.1340446472167969,1.1340446472167969,0.44166666666666665,0.36666666666666664,0.7416666666666667,0.6915150880813599,2.7445130348205566,2.606884956359864,0.8792737126350403,1.0,120
104,V7,v7-auto-dps,25,-8.239441871643066,22.612459182739258,1.895409107208252,0.8375869393348694,33.239441871643066,30.851901054382324,-2.387540817260742,2.387540817260742,0.2833333333333333,0.0,1.0,0.0,0.8535499572753906,0.0,0.44316452741622925,1.0,120
105,V7,v7-auto-dps,25,-8.168939590454102,20.096582412719727,1.452846646308899,1.2504841089248657,33.1689395904541,28.265522003173828,-4.903417587280273,4.903417587280273,0.016666666666666666,0.0,0.23333333333333334,0.0,2.9556102752685547,0.0,0.15822817385196686,1.0,120
106,V7,v7-auto-dps,25,-11.719707489013672,24.64543914794922,1.7844557762145996,1.107900857925415,36.71970748901367,36.36514663696289,-0.35456085205078125,0.35456085205078125,0.9333333333333333,1.0,1.0,0.0,0.8977317810058594,0.9528181076049806,0.40527158975601196,1.0,120
107,V7,v7-auto-dps,25,-11.364179611206055,24.34552764892578,2.2346580028533936,1.2377277612686157,36.364179611206055,35.709707260131836,-0.6544723510742188,0.6544723510742188,0.8833333333333333,1.0,1.0,0.0,1.1697593927383423,0.7527841567993165,0.36813774704933167,1.0,120
108,V7,v7-auto-dps,25,-11.360477447509766,24.008142471313477,1.5523618459701538,1.2252203226089478,36.360477447509766,35.36861991882324,-0.9918575286865234,0.9918575286865234,0.825,1.0,1.0,0.0,0.9420269727706909,0.2773382186889649,0.668598473072052,1.0,120
109,V7,v7-auto-dps,25,-10.360550880432129,22.235340118408203,1.467337965965271,1.5059528350830078,35.36055088043213,32.59589099884033,-2.764659881591797,2.764659881591797,0.325,0.5666666666666667,0.7416666666666667,0.0,1.6307860612869263,0.0,0.534450888633728,1.0,120
110,V7,v7-auto-dps,25,-11.455767631530762,20.762672424316406,2.761462688446045,0.9152734875679016,36.45576763153076,32.21844005584717,-4.237327575683594,4.237327575683594,0.0,0.0,0.39166666666666666,0.0,2.2373275756835938,0.0,0.6273937821388245,1.0,120
111,V7,v7-auto-dps,25,-14.087610244750977,20.59424591064453,3.1091387271881104,1.0210192203521729,39.08761024475098,34.68185615539551,-4.405754089355469,4.405754089355469,0.0,0.0,0.39166666666666666,0.0,2.4057531356811523,0.0,0.2132401317358017,1.0,120
112,V7,v7-auto-dps,25,-11.977397918701172,24.880094528198242,2.0735578536987305,0.9026178121566772,36.97739791870117,36.857492446899414,-0.11990547180175781,0.11990547180175781,0.9833333333333333,1.0,1.0,0.1381549835205078,0.0,1.1727386474609376,0.46817803382873535,1.0,120
113,V7,v7-auto-dps,25,-7.059669017791748,24.681615829467773,1.5877522230148315,1.4300830364227295,32.05966901779175,31.74128484725952,-0.31838417053222656,0.31838417053222656,0.85,0.7333333333333333,1.0,0.0,0.36243119835853577,1.6790691375732425,0.14028730988502502,1.0,120
114,V7,v7-auto-dps,25,-10.795665740966797,22.775447845458984,1.343367576599121,1.41421377658844,35.7956657409668,33.57111358642578,-2.2245521545410156,2.2245521545410156,0.4666666666666667,0.36666666666666664,0.85,0.0,1.2977768182754517,0.0,0.7796656489372253,1.0,120
115,V7,v7-auto-dps,25,-10.944574356079102,24.92510986328125,1.3256433010101318,1.643524169921875,35.9445743560791,35.86968421936035,-0.07489013671875,0.07489013671875,0.7333333333333333,0.9666666666666667,1.0,0.9861677289009094,0.6126964688301086,2.94957447052002,0.4666830599308014,1.0,120
116,V7,v7-auto-dps,25,-9.361237525939941,22.23746681213379,2.8609509468078613,2.0916826725006104,34.36123752593994,31.59870433807373,-2.762533187866211,2.762533187866211,0.5083333333333333,0.6666666666666666,0.7416666666666667,0.0,2.4129393100738525,0.0,0.5276939272880554,1.0,120
117,V7,v7-auto-dps,25,-10.203961372375488,24.61712074279785,1.7708020210266113,2.1439411640167236,35.20396137237549,34.82108211517334,-0.38287925720214844,0.38287925720214844,0.49166666666666664,0.1,0.975,0.7589918971061707,0.6743963956832886,2.4034160614013684,0.592757523059845,1.0,120
118,V7,v7-auto-dps,25,-13.850579261779785,20.884183883666992,2.641547203063965,1.1613181829452515,38.850579261779785,34.73476314544678,-4.115816116333008,4.115816116333008,0.016666666666666666,0.0,0.4083333333333333,0.0,2.152764320373535,0.0,0.7248503565788269,1.0,120
119,V7,v7-auto-dps,25,-11.626705169677734,22.507062911987305,1.5468077659606934,2.2759978771209717,36.626705169677734,34.13376808166504,-2.4929370880126953,2.4929370880126953,0.425,0.6,0.675,0.0,2.090240955352783,0.31547737121582087,0.36447757482528687,1.0,120
120,V7,v7-auto-dps,25,-8.643401145935059,25.084020614624023,3.1744723320007324,2.0253968238830566,33.64340114593506,33.72742176055908,0.08402061462402344,0.08402061462402344,0.6416666666666667,1.0,0.9583333333333334,0.712100625038147,1.2951565980911255,2.6694248199462898,0.603192925453186,1.0,120
121,V7,v7-auto-dps,25,-8.872971534729004,23.219999313354492,1.4243407249450684,1.6529414653778076,33.872971534729004,32.092970848083496,-1.7800006866455078,1.7800006866455078,0.6916666666666667,0.9,0.875,0.0,1.9726678133010864,0.0,0.48773348331451416,1.0,120
122,V7,v7-auto-dps,25,-11.833881378173828,22.801937103271484,2.1898579597473145,1.82326340675354,36.83388137817383,34.63581848144531,-2.1980628967285156,2.1980628967285156,0.4666666666666667,0.9333333333333333,0.8,0.0,1.6710026264190674,0.09368896484375082,0.30537834763526917,1.0,120
123,V7,v7-auto-dps,25,-9.128464698791504,23.113664627075195,1.8874473571777344,2.311370372772217,34.128464698791504,32.2421293258667,-1.8863353729248047,1.8863353729248047,0.525,0.4666666666666667,0.7416666666666667,0.0,2.096541404724121,0.9057590484619142,0.670401394367218,1.0,120
124,V7,v7-auto-dps,25,-8.617185592651367,23.230283737182617,1.729385256767273,4.489315986633301,33.61718559265137,31.847469329833984,-1.7697162628173828,1.7697162628173828,0.4,0.6333333333333333,0.6416666666666667,0.9368108510971069,4.863186836242676,2.9745103836059585,0.5755016207695007,1.0,120
125,V7,v7-auto-dps,25,-10.260275840759277,21.617406845092773,1.787563681602478,1.3449004888534546,35.26027584075928,31.87768268585205,-3.3825931549072266,3.3825931549072266,0.19166666666666668,0.5,0.675,0.0,1.8219408988952637,0.0,0.24792665243148804,1.0,120
126,V7,v7-auto-dps,25,-11.035355567932129,24.82636070251465,2.013575792312622,1.289923071861267,36.03535556793213,35.86171627044678,-0.17363929748535156,0.17363929748535156,0.8333333333333334,1.0,1.0,0.3029577434062958,0.3657434582710266,1.9557254791259766,0.5715182423591614,1.0,120
127,V7,v7-auto-dps,25,-10.029150009155273,25.016407012939453,2.284571647644043,3.199056625366211,35.02915000915527,35.04555702209473,0.016407012939453125,0.016407012939453125,0.31666666666666665,0.3333333333333333,0.725,1.597290277481079,1.807167649269104,4.198330879211426,0.8193954229354858,1.0,120
128,V7,v7-auto-dps,25,-13.653979301452637,22.564401626586914,2.084806442260742,1.7541691064834595,38.65397930145264,36.21838092803955,-2.435598373413086,2.435598373413086,0.2833333333333333,0.13333333333333333,0.8083333333333333,0.3790721893310547,1.3964307308197021,0.5097608566284199,-0.0535140186548233,1.0,120
129,V7,v7-auto-dps,25,-8.799708366394043,21.634883880615234,1.556267499923706,1.2068188190460205,33.79970836639404,30.434592247009277,-3.3651161193847656,3.3651161193847656,0.15,0.0,0.7333333333333333,0.0,1.7045114040374756,0.0,0.6050820350646973,1.0,120
100,V2,v2-dps,25,-9.50910758972168,25.37596893310547,2.238476514816284,1.4056198596954346,34.50910758972168,34.88507652282715,0.37596893310546875,0.37596893310546875,0.8416666666666667,0.6,1.0,0.7280468940734863,0.0,2.541294097900392,-0.15564316511154175,1.0,120
101,V2,v2-dps,25,-11.319433212280273,25.230648040771484,2.1657392978668213,0.5128813982009888,36.31943321228027,36.55008125305176,0.23064804077148438,0.23064804077148438,0.9833333333333333,1.0,1.0,0.15798282623291016,0.0,0.8545906066894532,0.11453112959861755,1.0,120
102,V2,v2-dps,25,-11.41225528717041,25.063610076904297,1.6569719314575195,0.5365065932273865,36.41225528717041,36.47586536407471,0.06361007690429688,0.06361007690429688,1.0,1.0,1.0,0.0,0.0,0.7420843124389649,0.44894495606422424,1.0,120
103,V2,v2-dps,25,-12.248642921447754,25.57879066467285,2.2081425189971924,1.0296106338500977,37.248642921447754,37.827433586120605,0.5787906646728516,0.5787906646728516,0.85,1.0,1.0,0.5762965083122253,0.0,2.4013069152832034,0.5198529958724976,1.0,120
104,V2,v2-dps,25,-8.212170600891113,24.271320343017578,1.895803689956665,0.992536723613739,33.21217060089111,32.48349094390869,-0.7286796569824219,0.7286796569824219,0.95,1.0,1.0,0.5184281468391418,0.0,0.07632236480712953,0.05346772447228432,1.0,120
105,V2,v2-dps,25,-8.171891212463379,24.641279220581055,1.4541245698928833,0.5735433101654053,33.17189121246338,32.813170433044434,-0.3587207794189453,0.3587207794189453,1.0,1.0,1.0,0.0,0.0,0.5049531936645508,0.21447059512138367,1.0,120
106,V2,v2-dps,25,-11.726181983947754,24.716466903686523,1.7856886386871338,0.5921404361724854,36.726181983947754,36.44264888763428,-0.28353309631347656,0.28353309631347656,1.0,1.0,1.0,0.0,0.0,0.5526147842407227,-0.3825993239879608,1.0,120
107,V2,v2-dps,25,-11.364078521728516,24.677236557006836,2.2389845848083496,0.5500574707984924,36.364078521728516,36.04131507873535,-0.32276344299316406,0.32276344299316406,1.0,1.0,1.0,0.0,0.0,0.3547285079956057,0.2320912480354309,1.0,120
108,V2,v2-dps,25,-11.357181549072266,24.906335830688477,1.550923228263855,0.4628950357437134,36.357181549072266,36.26351737976074,-0.09366416931152344,0.09366416931152344,1.0,1.0,1.0,0.0,0.0,0.621666145324707,0.24578280746936798,1.0,120
109,V2,v2-dps,25,-10.351731300354004,24.88677978515625,1.465262532234192,0.544204831123352,35.351731300354004,35.238511085510254,-0.11322021484375,0.11322021484375,1.0,1.0,1.0,0.0,0.0,0.6836494445800781,0.12565714120864868,1.0,120
110,V2,v2-dps,25,-11.465279579162598,24.405391693115234,2.760066270828247,0.6552519798278809,36.4652795791626,35.87067127227783,-0.5946083068847656,0.5946083068847656,1.0,1.0,1.0,0.0,0.0,0.37451267242431674,0.4069649577140808,1.0,120
111,V2,v2-dps,25,-14.115138053894043,24.366907119750977,3.1269209384918213,0.6503820419311523,39.11513805389404,38.48204517364502,-0.6330928802490234,0.6330928802490234,1.0,1.0,1.0,0.0,0.0,0.21077575683593763,-0.26423728466033936,1.0,120
112,V2,v2-dps,25,-11.976300239562988,25.16663360595703,2.073560953140259,1.9542629718780518,36.97630023956299,37.14293384552002,0.16663360595703125,0.16663360595703125,0.875,1.0,0.925,2.9530065059661865,0.2111225128173828,2.1715785980224642,-0.16694574058055878,1.0,120
113,V2,v2-dps,25,-7.05744743347168,25.0516357421875,1.5879703760147095,0.9774200916290283,32.05744743347168,32.10908317565918,0.0516357421875,0.0516357421875,0.9,1.0,1.0,0.29325613379478455,0.0,1.903893089294435,0.2232828140258789,1.0,120
114,V2,v2-dps,25,-10.790987968444824,25.52788543701172,1.342831015586853,1.1761143207550049,35.790987968444824,36.31887340545654,0.5278854370117188,0.5278854370117188,0.8583333333333333,1.0,1.0,0.6042930483818054,0.0,2.399914360046387,0.6688075661659241,1.0,120
115,V2,v2-dps,25,-10.95637035369873,24.394866943359375,1.329768419265747,0.7876830697059631,35.95637035369873,35.351237297058105,-0.605133056640625,0.605133056640625,1.0,1.0,1.0,0.0,0.0,0.2607641220092776,0.3743067979812622,1.0,120
116,V2,v2-dps,25,-9.363850593566895,24.79485321044922,2.8681962490081787,0.6601170897483826,34.363850593566895,34.15870380401611,-0.20514678955078125,0.20514678955078125,1.0,1.0,1.0,0.0,0.0,0.590789031982422,-0.09412860125303268,1.0,120
117,V2,v2-dps,25,-10.202260971069336,24.88385009765625,1.7723299264907837,0.6762982606887817,35.202260971069336,35.086111068725586,-0.11614990234375,0.11614990234375,1.0,1.0,1.0,0.0,0.0,0.736747741699219,0.1973273903131485,1.0,120
118,V2,v2-dps,25,-13.855743408203125,25.01548957824707,2.6413488388061523,0.7338904738426208,38.855743408203125,38.871232986450195,0.015489578247070312,0.015489578247070312,0.9666666666666667,1.0,1.0,0.1626276969909668,0.0,0.8850730895996103,0.23105041682720184,1.0,120
119,V2,v2-dps,25,-11.633769035339355,24.534828186035156,1.546475887298584,0.7255270481109619,36.633769035339355,36.16859722137451,-0.46517181396484375,0.46517181396484375,0.9916666666666667,1.0,1.0,0.0957183837890625,0.0,0.5174325942993171,-0.02057437039911747,1.0,120
120,V2,v2-dps,25,-8.66012954711914,25.62624168395996,3.1713552474975586,1.2725486755371094,33.66012954711914,34.2863712310791,0.6262416839599609,0.6262416839599609,0.8166666666666667,0.7666666666666667,0.9833333333333333,0.8644182682037354,0.0,2.5425424575805677,-0.07234769314527512,1.0,120
121,V2,v2-dps,25,-8.86568546295166,25.114404678344727,1.4254111051559448,0.9345637559890747,33.86568546295166,33.98009014129639,0.11440467834472656,0.11440467834472656,0.9833333333333333,1.0,1.0,0.2455883026123047,0.0,1.4029823303222657,0.012355582788586617,1.0,120
122,V2,v2-dps,25,-11.86066722869873,24.55899429321289,2.203986406326294,0.363293319940567,36.86066722869873,36.41966152191162,-0.4410057067871094,0.4410057067871094,1.0,1.0,1.0,0.0,0.0,0.06360511779785162,0.11608658730983734,1.0,120
123,V2,v2-dps,25,-9.162897109985352,24.82323455810547,1.9050686359405518,0.9384221434593201,34.16289710998535,33.98613166809082,-0.17676544189453125,0.17676544189453125,0.975,1.0,1.0,0.18971697986125946,0.0,1.0084358215332045,-0.07325801253318787,1.0,120
124,V2,v2-dps,25,-8.621185302734375,24.739177703857422,1.731352686882019,0.734264612197876,33.621185302734375,33.3603630065918,-0.2608222961425781,0.2608222961425781,1.0,1.0,1.0,0.0,0.0,0.8428716659545908,0.13934290409088135,1.0,120
125,V2,v2-dps,25,-10.260781288146973,25.889522552490234,1.7878440618515015,0.7991092205047607,35.26078128814697,36.15030384063721,0.8895225524902344,0.8895225524902344,0.9333333333333333,1.0,1.0,0.7269778251647949,0.0,1.7873647689819336,-0.4353403151035309,1.0,120
126,V2,v2-dps,25,-11.031970024108887,24.657073974609375,2.013455390930176,0.5454705953598022,36.03197002410889,35.68904399871826,-0.342926025390625,0.342926025390625,1.0,1.0,1.0,0.0,0.0,0.5377584457397466,-0.06151499226689339,1.0,120
127,V2,v2-dps,25,-10.020727157592773,24.56026268005371,2.2861976623535156,0.7634488344192505,35.02072715759277,34.580989837646484,-0.43973731994628906,0.43973731994628906,1.0,1.0,1.0,0.0,0.0,0.6785432815551768,0.6568601131439209,1.0,120
128,V2,v2-dps,25,-13.603384017944336,24.04153060913086,2.0943760871887207,0.6127826571464539,38.603384017944336,37.644914627075195,-0.9584693908691406,0.9584693908691406,1.0,1.0,1.0,0.0,0.0,0.0,0.024449782446026802,1.0,120
129,V2,v2-dps,25,-8.808786392211914,24.09766960144043,1.5538502931594849,0.6074979901313782,33.808786392211914,32.906455993652344,-0.9023303985595703,0.9023303985595703,1.0,1.0,1.0,0.0,0.0,0.1479017257690431,0.1900060474872589,1.0,120
100,V6,v6-closed-loop,25,-9.509109497070312,22.726512908935547,2.24031400680542,1.003298282623291,34.50910949707031,32.23562240600586,-2.273487091064453,2.273487091064453,0.43333333333333335,0.9,0.9416666666666667,0.0,1.0125020742416382,0.0,-0.006938793230801821,1.0,120
101,V6,v6-closed-loop,25,-11.27822208404541,23.85711669921875,2.1378915309906006,1.0234715938568115,36.27822208404541,35.13533878326416,-1.14288330078125,1.14288330078125,0.8166666666666667,0.9,1.0,0.0,0.7613003253936768,0.18332271575927778,0.645496666431427,1.0,120
102,V6,v6-closed-loop,25,-11.408528327941895,23.226343154907227,1.656129002571106,0.8939920663833618,36.408528327941895,34.63487148284912,-1.7736568450927734,1.7736568450927734,0.65,0.8333333333333334,0.975,0.0,0.7344338297843933,0.0,0.648566722869873,1.0,120
103,V6,v6-closed-loop,25,-12.251448631286621,23.582176208496094,2.208632469177246,0.9457861185073853,37.25144863128662,35.833624839782715,-1.4178237915039062,1.4178237915039062,0.7166666666666667,0.9333333333333333,1.0,0.0,0.5872178077697754,0.0,0.514065682888031,1.0,120
104,V6,v6-closed-loop,25,-8.2039794921875,21.836759567260742,1.8944010734558105,0.793954074382782,33.2039794921875,30.040739059448242,-3.163240432739258,3.163240432739258,0.05,0.0,0.8583333333333333,0.0,1.2404621839523315,0.0,-0.08268752694129944,1.0,120
105,V6,v6-closed-loop,25,-8.169322967529297,23.041959762573242,1.4530881643295288,0.7537251114845276,33.1693229675293,31.21128273010254,-1.9580402374267578,1.9580402374267578,0.5916666666666667,0.9,1.0,0.0,0.7292174696922302,0.0,0.33791878819465637,1.0,120
106,V6,v6-closed-loop,25,-11.718510627746582,23.78723907470703,1.7822990417480469,0.8199911117553711,36.71851062774658,35.50574970245361,-1.2127609252929688,1.2127609252929688,0.8416666666666667,0.8666666666666667,1.0,0.0,0.721276044845581,0.0,0.1442810595035553,1.0,120
107,V6,v6-closed-loop,25,-11.35556411743164,23.912288665771484,2.2254323959350586,1.1080219745635986,36.35556411743164,35.267852783203125,-1.0877113342285156,1.0877113342285156,0.8,1.0,1.0,0.0,0.8529608845710754,0.20473098754882832,0.2983244061470032,1.0,120
108,V6,v6-closed-loop,25,-11.355350494384766,23.16243553161621,1.551770567893982,0.8584979772567749,36.355350494384766,34.51778602600098,-1.837564468383789,1.837564468383789,0.7083333333333334,0.8333333333333334,0.9583333333333334,0.0,0.9070407152175903,0.0,0.5262404084205627,1.0,120
109,V6,v6-closed-loop,25,-10.355838775634766,24.227027893066406,1.4672585725784302,0.9523049592971802,35.355838775634766,34.58286666870117,-0.7729721069335938,0.7729721069335938,0.8916666666666667,1.0,1.0,0.0,0.42315804958343506,0.46692867279052747,0.6409096717834473,1.0,120
110,V6,v6-closed-loop,25,-11.468531608581543,23.219404220581055,2.7596685886383057,0.9217631816864014,36.46853160858154,34.6879358291626,-1.7805957794189453,1.7805957794189453,0.6833333333333333,0.8666666666666667,0.95,0.0,0.8570464253425598,0.0,0.14802293479442596,1.0,120
111,V6,v6-closed-loop,25,-14.111234664916992,23.56121063232422,3.128798723220825,0.833528995513916,39.11123466491699,37.67244529724121,-1.4387893676757812,1.4387893676757812,0.7833333333333333,1.0,1.0,0.0,0.5902349948883057,0.0,0.26077529788017273,1.0,120
112,V6,v6-closed-loop,25,-11.970178604125977,23.392457962036133,2.0763955116271973,2.1378228664398193,36.97017860412598,35.36263656616211,-1.6075420379638672,1.6075420379638672,0.7833333333333333,1.0,0.8666666666666667,0.64222651720047,3.34550404548645,0.0,-0.04697510600090027,1.0,120
113,V6,v6-closed-loop,25,-7.060415744781494,22.922597885131836,1.585902214050293,0.7924537658691406,32.060415744781494,29.98301362991333,-2.077402114868164,2.077402114868164,0.4083333333333333,0.5333333333333333,1.0,0.0,0.6491857767105103,0.0,0.19332051277160645,1.0,120
114,V6,v6-closed-loop,25,-10.797812461853027,23.087995529174805,1.3434571027755737,1.120863437652588,35.79781246185303,33.88580799102783,-1.9120044708251953,1.9120044708251953,0.6166666666666667,0.9333333333333333,0.925,0.0,1.104458212852478,0.0,0.6096935868263245,1.0,120
115,V6,v6-closed-loop,25,-10.946881294250488,21.4352970123291,1.326366662979126,0.8748115301132202,35.94688129425049,32.38217830657959,-3.5647029876708984,3.5647029876708984,0.016666666666666666,0.0,0.7083333333333334,0.0,1.5939786434173584,0.0,0.30059975385665894,1.0,120
116,V6,v6-closed-loop,25,-9.363570213317871,24.568370819091797,2.8621909618377686,0.9720491170883179,34.36357021331787,33.93194103240967,-0.4316291809082031,0.4316291809082031,0.9166666666666666,1.0,1.0,0.0,0.6015798449516296,0.6321691513061524,0.40931838750839233,1.0,120
117,V6,v6-closed-loop,25,-10.20126724243164,23.05171012878418,1.7722474336624146,0.6753577589988708,35.20126724243164,33.25297737121582,-1.9482898712158203,1.9482898712158203,0.575,0.9,1.0,0.0,0.4956287443637848,0.0,0.19889433681964874,1.0,120
118,V6,v6-closed-loop,25,-13.847721099853516,23.133081436157227,2.6420342922210693,1.1631640195846558,38.847721099853516,36.98080253601074,-1.8669185638427734,1.8669185638427734,0.5833333333333334,0.7333333333333333,0.925,0.0,0.9557353258132935,0.0,0.42420023679733276,1.0,120
119,V6,v6-closed-loop,25,-11.637150764465332,23.625732421875,1.5479992628097534,1.10122811794281,36.63715076446533,35.26288318634033,-1.374267578125,1.374267578125,0.7416666666666667,0.36666666666666664,1.0,0.0,0.9109061360359192,0.0,0.5642707943916321,1.0,120
120,V6,v6-closed-loop,25,-8.654678344726562,22.79054832458496,3.1667866706848145,1.24907386302948,33.65467834472656,31.445226669311523,-2.209451675415039,2.209451675415039,0.44166666666666665,0.8333333333333334,0.9,0.0,1.088652491569519,0.0,0.06403836607933044,1.0,120
121,V6,v6-closed-loop,25,-8.879881858825684,25.75502586364746,1.4247492551803589,1.4367785453796387,33.879881858825684,34.634907722473145,0.7550258636474609,0.7550258636474609,0.7666666666666667,0.8666666666666667,1.0,0.3241671323776245,0.6840667724609375,2.0961780548095708,0.6056926250457764,1.0,120
122,V6,v6-closed-loop,25,-11.829557418823242,21.05384063720703,2.1864073276519775,0.6736853718757629,36.82955741882324,32.88339805603027,-3.9461593627929688,3.9461593627929688,0.0,0.0,0.6333333333333333,0.0,1.9461594820022583,0.0,0.19895008206367493,1.0,120
123,V6,v6-closed-loop,25,-9.159639358520508,24.484086990356445,1.9084352254867554,1.2796623706817627,34.15963935852051,33.64372634887695,-0.5159130096435547,0.5159130096435547,0.875,1.0,1.0,0.0,1.2836724519729614,0.793455505371094,0.4708363115787506,1.0,120
124,V6,v6-closed-loop,25,-8.617626190185547,24.080617904663086,1.7304000854492188,1.187111735343933,33.61762619018555,32.69824409484863,-0.9193820953369141,0.9193820953369141,0.8083333333333333,1.0,1.0,0.0,0.4286915361881256,0.9334947586059578,-0.281008243560791,1.0,120
125,V6,v6-closed-loop,25,-10.25825023651123,19.84345054626465,1.7861359119415283,0.8669747710227966,35.25825023651123,30.10170078277588,-5.156549453735352,5.156549453735352,0.0,0.0,0.075,0.0,3.156548500061035,0.0,-0.5062630772590637,1.0,120
126,V6,v6-closed-loop,25,-11.036961555480957,23.437835693359375,2.0142440795898438,0.9982864260673523,36.03696155548096,34.47479724884033,-1.562164306640625,1.562164306640625,0.7416666666666667,0.8333333333333334,0.9666666666666667,0.0,0.8761539459228516,0.0,0.6886971592903137,1.0,120
127,V6,v6-closed-loop,25,-10.010652542114258,24.285627365112305,2.281874656677246,0.6138847470283508,35.01065254211426,34.29627990722656,-0.7143726348876953,0.7143726348876953,1.0,1.0,1.0,0.0,0.0,0.00814514160156254,0.07326924800872803,1.0,120
128,V6,v6-closed-loop,25,-13.59686279296875,23.512920379638672,2.1043732166290283,0.6006991863250732,38.59686279296875,37.10978317260742,-1.4870796203613281,1.4870796203613281,0.8083333333333333,0.8333333333333334,1.0,0.0,0.3200114667415619,0.0,0.46984776854515076,1.0,120
129,V6,v6-closed-loop,25,-8.801721572875977,23.155580520629883,1.5555267333984375,0.7578442096710205,33.80172157287598,31.95730209350586,-1.8444194793701172,1.8444194793701172,0.6166666666666667,0.43333333333333335,1.0,0.0,0.6583632826805115,0.0,0.6098940372467041,1.0,120
